RunID,RunTime,Type,QuestionID,Question,ModelName,Parsed,OK,Note
20250831-185558,2025-08-31 18:55:59 +0300,binary,578,Will humans go extinct before 2100?,GPT-5-Thinking,,0,parse_failed
20250831-185558,2025-08-31 18:55:59 +0300,binary,578,Will humans go extinct before 2100?,Gemini,0.040000,1,
20250831-185558,2025-08-31 18:55:59 +0300,binary,578,Will humans go extinct before 2100?,Grok,,0,parse_failed
20250831-185558,2025-08-31 18:56:48 +0300,numeric,14333,How old will the oldest living person be in 2100?,GPT-5-Thinking,"{""P10"": 10.0, ""P20"": 20.0, ""P40"": 40.0, ""P50"": 50.0, ""P60"": 60.0, ""P80"": 80.0, ""P90"": 90.0}",0,fallback_default
20250831-185558,2025-08-31 18:56:48 +0300,numeric,14333,How old will the oldest living person be in 2100?,Gemini,"{""P10"": 118.0, ""P20"": 119.0, ""P40"": 121.0, ""P60"": 123.0, ""P80"": 126.0, ""P90"": 130.0}",1,
20250831-185558,2025-08-31 18:56:48 +0300,numeric,14333,How old will the oldest living person be in 2100?,Grok,"{""P10"": 10.0, ""P20"": 20.0, ""P40"": 40.0, ""P50"": 50.0, ""P60"": 60.0, ""P80"": 80.0, ""P90"": 90.0}",0,fallback_default
20250831-185558,2025-08-31 18:57:16 +0300,multiple_choice,22427,"Before 2030, how many new AI labs will be leading labs within 2 years of their founding?",GPT-5-Thinking,"[0.16666666666666666, 0.16666666666666666, 0.16666666666666666, 0.16666666666666666, 0.16666666666666666, 0.16666666666666666]",0,fallback_equal
20250831-185558,2025-08-31 18:57:16 +0300,multiple_choice,22427,"Before 2030, how many new AI labs will be leading labs within 2 years of their founding?",Gemini,"[0.35, 0.45, 0.15, 0.04, 0.01, 0.0]",1,
20250831-185558,2025-08-31 18:57:16 +0300,multiple_choice,22427,"Before 2030, how many new AI labs will be leading labs within 2 years of their founding?",Grok,"[0.16666666666666666, 0.16666666666666666, 0.16666666666666666, 0.16666666666666666, 0.16666666666666666, 0.16666666666666666]",0,fallback_equal
20250831-185558,2025-08-31 18:58:02 +0300,discrete,38880,How many major US labor strikes with generative AI as one of their main reasons will start in 2029?,GPT-5-Thinking,"{""P10"": 10.0, ""P20"": 20.0, ""P40"": 40.0, ""P50"": 50.0, ""P60"": 60.0, ""P80"": 80.0, ""P90"": 90.0}",0,fallback_default
20250831-185558,2025-08-31 18:58:02 +0300,discrete,38880,How many major US labor strikes with generative AI as one of their main reasons will start in 2029?,Gemini,"{""P10"": 1.0, ""P20"": 1.0, ""P40"": 2.0, ""P60"": 3.0, ""P80"": 5.0, ""P90"": 7.0}",1,
20250831-185558,2025-08-31 18:58:02 +0300,discrete,38880,How many major US labor strikes with generative AI as one of their main reasons will start in 2029?,Grok,"{""P10"": 10.0, ""P20"": 20.0, ""P40"": 40.0, ""P50"": 50.0, ""P60"": 60.0, ""P80"": 80.0, ""P90"": 90.0}",0,fallback_default
20250831-193055,2025-08-31 19:30:57 +0300,binary,578,Will humans go extinct before 2100?,GPT-5-Thinking,,0,parse_failed
20250831-193055,2025-08-31 19:30:57 +0300,binary,578,Will humans go extinct before 2100?,Gemini,0.070000,1,
20250831-193055,2025-08-31 19:30:57 +0300,binary,578,Will humans go extinct before 2100?,Grok,,0,parse_failed
20250831-193055,2025-08-31 19:31:45 +0300,numeric,14333,How old will the oldest living person be in 2100?,GPT-5-Thinking,"{""P10"": 10.0, ""P20"": 20.0, ""P40"": 40.0, ""P50"": 50.0, ""P60"": 60.0, ""P80"": 80.0, ""P90"": 90.0}",0,fallback_default
20250831-193055,2025-08-31 19:31:45 +0300,numeric,14333,How old will the oldest living person be in 2100?,Gemini,"{""P10"": 115.0, ""P20"": 117.0, ""P40"": 120.0, ""P60"": 124.0, ""P80"": 128.0, ""P90"": 132.0}",1,
20250831-193055,2025-08-31 19:31:45 +0300,numeric,14333,How old will the oldest living person be in 2100?,Grok,"{""P10"": 10.0, ""P20"": 20.0, ""P40"": 40.0, ""P50"": 50.0, ""P60"": 60.0, ""P80"": 80.0, ""P90"": 90.0}",0,fallback_default
20250831-193055,2025-08-31 19:32:18 +0300,multiple_choice,22427,"Before 2030, how many new AI labs will be leading labs within 2 years of their founding?",GPT-5-Thinking,"[0.16666666666666666, 0.16666666666666666, 0.16666666666666666, 0.16666666666666666, 0.16666666666666666, 0.16666666666666666]",0,fallback_equal
20250831-193055,2025-08-31 19:32:18 +0300,multiple_choice,22427,"Before 2030, how many new AI labs will be leading labs within 2 years of their founding?",Gemini,"[0.55, 0.35, 0.08, 0.01, 0.0, 0.01]",1,
20250831-193055,2025-08-31 19:32:18 +0300,multiple_choice,22427,"Before 2030, how many new AI labs will be leading labs within 2 years of their founding?",Grok,"[0.16666666666666666, 0.16666666666666666, 0.16666666666666666, 0.16666666666666666, 0.16666666666666666, 0.16666666666666666]",0,fallback_equal
20250831-193055,2025-08-31 19:33:04 +0300,discrete,38880,How many major US labor strikes with generative AI as one of their main reasons will start in 2029?,GPT-5-Thinking,"{""P10"": 10.0, ""P20"": 20.0, ""P40"": 40.0, ""P50"": 50.0, ""P60"": 60.0, ""P80"": 80.0, ""P90"": 90.0}",0,fallback_default
20250831-193055,2025-08-31 19:33:04 +0300,discrete,38880,How many major US labor strikes with generative AI as one of their main reasons will start in 2029?,Gemini,"{""P10"": 1.0, ""P20"": 2.0, ""P40"": 3.0, ""P60"": 5.0, ""P80"": 7.0, ""P90"": 10.0}",1,
20250831-193055,2025-08-31 19:33:04 +0300,discrete,38880,How many major US labor strikes with generative AI as one of their main reasons will start in 2029?,Grok,"{""P10"": 10.0, ""P20"": 20.0, ""P40"": 40.0, ""P50"": 50.0, ""P60"": 60.0, ""P80"": 80.0, ""P90"": 90.0}",0,fallback_default
20250901-114521,2025-09-01 11:45:22 +0300,binary,578,Will humans go extinct before 2100?,GPT-5-Thinking,,0,parse_failed
20250901-114521,2025-09-01 11:45:22 +0300,binary,578,Will humans go extinct before 2100?,Gemini,,0,parse_failed
20250901-114521,2025-09-01 11:45:22 +0300,binary,578,Will humans go extinct before 2100?,Grok,,0,parse_failed
20250901-114521,2025-09-01 11:46:52 +0300,numeric,14333,How old will the oldest living person be in 2100?,GPT-5-Thinking,"{""P10"": 10.0, ""P20"": 20.0, ""P40"": 40.0, ""P50"": 50.0, ""P60"": 60.0, ""P80"": 80.0, ""P90"": 90.0}",0,fallback_default
20250901-114521,2025-09-01 11:46:52 +0300,numeric,14333,How old will the oldest living person be in 2100?,Gemini,"{""P10"": 117.0, ""P20"": 119.0, ""P40"": 121.0, ""P60"": 124.0, ""P80"": 127.0, ""P90"": 130.0}",1,
20250901-114521,2025-09-01 11:46:52 +0300,numeric,14333,How old will the oldest living person be in 2100?,Grok,"{""P10"": 10.0, ""P20"": 20.0, ""P40"": 40.0, ""P50"": 50.0, ""P60"": 60.0, ""P80"": 80.0, ""P90"": 90.0}",0,fallback_default
20250901-114521,2025-09-01 11:47:57 +0300,multiple_choice,22427,"Before 2030, how many new AI labs will be leading labs within 2 years of their founding?",GPT-5-Thinking,"[0.16666666666666666, 0.16666666666666666, 0.16666666666666666, 0.16666666666666666, 0.16666666666666666, 0.16666666666666666]",0,fallback_equal
20250901-114521,2025-09-01 11:47:57 +0300,multiple_choice,22427,"Before 2030, how many new AI labs will be leading labs within 2 years of their founding?",Gemini,"[0.35, 0.45, 0.15, 0.04, 0.01, 0.0]",1,
20250901-114521,2025-09-01 11:47:57 +0300,multiple_choice,22427,"Before 2030, how many new AI labs will be leading labs within 2 years of their founding?",Grok,"[0.16666666666666666, 0.16666666666666666, 0.16666666666666666, 0.16666666666666666, 0.16666666666666666, 0.16666666666666666]",0,fallback_equal
20250901-114521,2025-09-01 11:48:40 +0300,discrete,38880,How many major US labor strikes with generative AI as one of their main reasons will start in 2029?,GPT-5-Thinking,"{""P10"": 10.0, ""P20"": 20.0, ""P40"": 40.0, ""P50"": 50.0, ""P60"": 60.0, ""P80"": 80.0, ""P90"": 90.0}",0,fallback_default
20250901-114521,2025-09-01 11:48:40 +0300,discrete,38880,How many major US labor strikes with generative AI as one of their main reasons will start in 2029?,Gemini,"{""P10"": 1.0, ""P20"": 1.0, ""P40"": 2.0, ""P60"": 3.0, ""P80"": 5.0, ""P90"": 7.0}",1,
20250901-114521,2025-09-01 11:48:40 +0300,discrete,38880,How many major US labor strikes with generative AI as one of their main reasons will start in 2029?,Grok,"{""P10"": 10.0, ""P20"": 20.0, ""P40"": 40.0, ""P50"": 50.0, ""P60"": 60.0, ""P80"": 80.0, ""P90"": 90.0}",0,fallback_default
20250901-124709,2025-09-01 12:47:10 +0300,binary,578,Will humans go extinct before 2100?,GPT-5-Thinking,0.030000,1,
20250901-124709,2025-09-01 12:47:10 +0300,binary,578,Will humans go extinct before 2100?,Gemini,,0,parse_failed
20250901-124709,2025-09-01 12:47:10 +0300,binary,578,Will humans go extinct before 2100?,Grok,0.050000,1,
20250901-124709,2025-09-01 12:49:37 +0300,numeric,14333,How old will the oldest living person be in 2100?,GPT-5-Thinking,"{""P10"": 116.0, ""P20"": 119.0, ""P40"": 123.0, ""P60"": 128.0, ""P80"": 136.0, ""P90"": 146.0}",1,
20250901-124709,2025-09-01 12:49:37 +0300,numeric,14333,How old will the oldest living person be in 2100?,Gemini,"{""P10"": 117.0, ""P20"": 119.0, ""P40"": 122.0, ""P60"": 124.0, ""P80"": 128.0, ""P90"": 135.0}",1,
20250901-124709,2025-09-01 12:49:37 +0300,numeric,14333,How old will the oldest living person be in 2100?,Grok,"{""P10"": 10.0, ""P20"": 20.0, ""P40"": 40.0, ""P50"": 50.0, ""P60"": 60.0, ""P80"": 80.0, ""P90"": 90.0}",0,fallback_default
20250901-124709,2025-09-01 12:51:37 +0300,multiple_choice,22427,"Before 2030, how many new AI labs will be leading labs within 2 years of their founding?",GPT-5-Thinking,"[0.5599999999999999, 0.33999999999999997, 0.06999999999999999, 0.019999999999999997, 0.009999999999999998, 0.0]",1,
20250901-124709,2025-09-01 12:51:37 +0300,multiple_choice,22427,"Before 2030, how many new AI labs will be leading labs within 2 years of their founding?",Gemini,"[0.16666666666666666, 0.16666666666666666, 0.16666666666666666, 0.16666666666666666, 0.16666666666666666, 0.16666666666666666]",0,fallback_equal
20250901-124709,2025-09-01 12:51:37 +0300,multiple_choice,22427,"Before 2030, how many new AI labs will be leading labs within 2 years of their founding?",Grok,"[0.16666666666666666, 0.16666666666666666, 0.16666666666666666, 0.16666666666666666, 0.16666666666666666, 0.16666666666666666]",0,fallback_equal
20250901-124709,2025-09-01 12:52:32 +0300,discrete,38880,How many major US labor strikes with generative AI as one of their main reasons will start in 2029?,GPT-5-Thinking,"{""P10"": 10.0, ""P20"": 20.0, ""P40"": 40.0, ""P50"": 50.0, ""P60"": 60.0, ""P80"": 80.0, ""P90"": 90.0}",0,fallback_default
20250901-124709,2025-09-01 12:52:32 +0300,discrete,38880,How many major US labor strikes with generative AI as one of their main reasons will start in 2029?,Gemini,"{""P10"": 10.0, ""P20"": 20.0, ""P40"": 40.0, ""P50"": 50.0, ""P60"": 60.0, ""P80"": 80.0, ""P90"": 90.0}",0,fallback_default
20250901-124709,2025-09-01 12:52:32 +0300,discrete,38880,How many major US labor strikes with generative AI as one of their main reasons will start in 2029?,Grok,"{""P10"": 10.0, ""P20"": 20.0, ""P40"": 40.0, ""P50"": 50.0, ""P60"": 60.0, ""P80"": 80.0, ""P90"": 90.0}",0,fallback_default
20250901-131942,2025-09-01 13:19:43 +0300,binary,578,Will humans go extinct before 2100?,GPT-5-Thinking,0.020000,1,
20250901-131942,2025-09-01 13:19:43 +0300,binary,578,Will humans go extinct before 2100?,Gemini,0.040000,1,
20250901-131942,2025-09-01 13:19:43 +0300,binary,578,Will humans go extinct before 2100?,Grok,0.190000,1,
20250901-131942,2025-09-01 13:22:02 +0300,numeric,14333,How old will the oldest living person be in 2100?,GPT-5-Thinking,"{""P10"": 118.0, ""P20"": 120.0, ""P40"": 123.0, ""P60"": 126.0, ""P80"": 130.0, ""P90"": 134.0}",1,
20250901-131942,2025-09-01 13:22:02 +0300,numeric,14333,How old will the oldest living person be in 2100?,Gemini,"{""P10"": 117.0, ""P20"": 119.0, ""P40"": 122.0, ""P60"": 126.0, ""P80"": 130.0, ""P90"": 136.0}",1,
20250901-131942,2025-09-01 13:22:02 +0300,numeric,14333,How old will the oldest living person be in 2100?,Grok,"{""P10"": 122.0, ""P20"": 125.0, ""P40"": 128.0, ""P60"": 132.0, ""P80"": 140.0, ""P90"": 160.0}",1,
20250901-131942,2025-09-01 13:24:38 +0300,multiple_choice,22427,"Before 2030, how many new AI labs will be leading labs within 2 years of their founding?",GPT-5-Thinking,"[0.44, 0.4, 0.12, 0.03, 0.01, 0.0]",1,
20250901-131942,2025-09-01 13:24:38 +0300,multiple_choice,22427,"Before 2030, how many new AI labs will be leading labs within 2 years of their founding?",Gemini,"[0.35, 0.45, 0.15, 0.03, 0.01, 0.01]",1,
20250901-131942,2025-09-01 13:24:38 +0300,multiple_choice,22427,"Before 2030, how many new AI labs will be leading labs within 2 years of their founding?",Grok,"[0.15, 0.3, 0.25, 0.15, 0.1, 0.05]",1,
20250901-131942,2025-09-01 13:25:44 +0300,discrete,38880,How many major US labor strikes with generative AI as one of their main reasons will start in 2029?,GPT-5-Thinking,"{""P10"": 0.0, ""P20"": 0.0, ""P40"": 1.0, ""P60"": 1.0, ""P80"": 2.0, ""P90"": 3.0}",1,
20250901-131942,2025-09-01 13:25:44 +0300,discrete,38880,How many major US labor strikes with generative AI as one of their main reasons will start in 2029?,Gemini,"{""P10"": 10.0, ""P20"": 20.0, ""P40"": 40.0, ""P50"": 50.0, ""P60"": 60.0, ""P80"": 80.0, ""P90"": 90.0}",0,fallback_default
20250901-131942,2025-09-01 13:25:44 +0300,discrete,38880,How many major US labor strikes with generative AI as one of their main reasons will start in 2029?,Grok,"{""P10"": 0.0, ""P20"": 1.0, ""P40"": 1.0, ""P60"": 2.0, ""P80"": 3.0, ""P90"": 4.0}",1,
20250901-151653,2025-09-01 15:16:55 +0300,binary,578,Will humans go extinct before 2100?,GPT-5-Thinking,0.040000,1,
20250901-151653,2025-09-01 15:16:55 +0300,binary,578,Will humans go extinct before 2100?,Gemini,0.060000,1,
20250901-151653,2025-09-01 15:16:55 +0300,binary,578,Will humans go extinct before 2100?,Grok,0.010000,1,
20250901-151653,2025-09-01 15:18:41 +0300,numeric,14333,How old will the oldest living person be in 2100?,GPT-5-Thinking,"{""P10"": 118.0, ""P20"": 120.0, ""P40"": 122.0, ""P60"": 125.0, ""P80"": 129.0, ""P90"": 133.0}",1,
20250901-151653,2025-09-01 15:18:41 +0300,numeric,14333,How old will the oldest living person be in 2100?,Gemini,"{""P10"": 10.0, ""P20"": 20.0, ""P40"": 40.0, ""P50"": 50.0, ""P60"": 60.0, ""P80"": 80.0, ""P90"": 90.0}",0,fallback_default
20250901-151653,2025-09-01 15:18:41 +0300,numeric,14333,How old will the oldest living person be in 2100?,Grok,"{""P10"": 10.0, ""P20"": 20.0, ""P40"": 40.0, ""P50"": 50.0, ""P60"": 60.0, ""P80"": 80.0, ""P90"": 90.0}",0,fallback_default
20250901-151653,2025-09-01 15:21:42 +0300,multiple_choice,22427,"Before 2030, how many new AI labs will be leading labs within 2 years of their founding?",GPT-5-Thinking,"[0.68, 0.26, 0.05, 0.008, 0.001, 0.001]",1,
20250901-151653,2025-09-01 15:21:42 +0300,multiple_choice,22427,"Before 2030, how many new AI labs will be leading labs within 2 years of their founding?",Gemini,"[0.35, 0.45, 0.15, 0.04, 0.01, 0.0]",1,
20250901-151653,2025-09-01 15:21:42 +0300,multiple_choice,22427,"Before 2030, how many new AI labs will be leading labs within 2 years of their founding?",Grok,"[0.16666666666666666, 0.16666666666666666, 0.16666666666666666, 0.16666666666666666, 0.16666666666666666, 0.16666666666666666]",0,fallback_equal
20250901-151653,2025-09-01 15:22:57 +0300,discrete,38880,How many major US labor strikes with generative AI as one of their main reasons will start in 2029?,GPT-5-Thinking,"{""P10"": 0.0, ""P20"": 1.0, ""P40"": 2.0, ""P60"": 3.0, ""P80"": 4.0, ""P90"": 5.0}",1,
20250901-151653,2025-09-01 15:22:57 +0300,discrete,38880,How many major US labor strikes with generative AI as one of their main reasons will start in 2029?,Gemini,"{""P10"": 10.0, ""P20"": 20.0, ""P40"": 40.0, ""P50"": 50.0, ""P60"": 60.0, ""P80"": 80.0, ""P90"": 90.0}",0,fallback_default
20250901-151653,2025-09-01 15:22:57 +0300,discrete,38880,How many major US labor strikes with generative AI as one of their main reasons will start in 2029?,Grok,"{""P10"": 10.0, ""P20"": 20.0, ""P40"": 40.0, ""P50"": 50.0, ""P60"": 60.0, ""P80"": 80.0, ""P90"": 90.0}",0,fallback_default
20250901-160905,2025-09-01 16:09:06 +0300,binary,578,Will humans go extinct before 2100?,GPT-5-Thinking,0.040000,1,
20250901-160905,2025-09-01 16:09:06 +0300,binary,578,Will humans go extinct before 2100?,Gemini,0.040000,1,
20250901-160905,2025-09-01 16:09:06 +0300,binary,578,Will humans go extinct before 2100?,Grok,0.030000,1,
20250901-160905,2025-09-01 16:11:14 +0300,numeric,14333,How old will the oldest living person be in 2100?,GPT-5-Thinking,"{""P10"": 114.0, ""P20"": 115.0, ""P40"": 118.0, ""P60"": 121.0, ""P80"": 125.0, ""P90"": 129.0}",1,
20250901-160905,2025-09-01 16:11:14 +0300,numeric,14333,How old will the oldest living person be in 2100?,Gemini,"{""P10"": 10.0, ""P20"": 20.0, ""P40"": 40.0, ""P50"": 50.0, ""P60"": 60.0, ""P80"": 80.0, ""P90"": 90.0}",0,fallback_default
20250901-160905,2025-09-01 16:11:14 +0300,numeric,14333,How old will the oldest living person be in 2100?,Grok,"{""P10"": 10.0, ""P20"": 20.0, ""P40"": 40.0, ""P50"": 50.0, ""P60"": 60.0, ""P80"": 80.0, ""P90"": 90.0}",0,fallback_default
20250901-160905,2025-09-01 16:14:15 +0300,multiple_choice,22427,"Before 2030, how many new AI labs will be leading labs within 2 years of their founding?",GPT-5-Thinking,"[0.58, 0.34, 0.06, 0.012, 0.005, 0.003]",1,
20250901-160905,2025-09-01 16:14:15 +0300,multiple_choice,22427,"Before 2030, how many new AI labs will be leading labs within 2 years of their founding?",Gemini,"[0.16666666666666666, 0.16666666666666666, 0.16666666666666666, 0.16666666666666666, 0.16666666666666666, 0.16666666666666666]",0,fallback_equal
20250901-160905,2025-09-01 16:14:15 +0300,multiple_choice,22427,"Before 2030, how many new AI labs will be leading labs within 2 years of their founding?",Grok,"[0.16666666666666666, 0.16666666666666666, 0.16666666666666666, 0.16666666666666666, 0.16666666666666666, 0.16666666666666666]",0,fallback_equal
20250901-160905,2025-09-01 16:15:13 +0300,discrete,38880,How many major US labor strikes with generative AI as one of their main reasons will start in 2029?,GPT-5-Thinking,"{""P10"": 0.0, ""P20"": 0.0, ""P40"": 0.0, ""P60"": 0.0, ""P80"": 1.0, ""P90"": 2.0}",1,
20250901-160905,2025-09-01 16:15:13 +0300,discrete,38880,How many major US labor strikes with generative AI as one of their main reasons will start in 2029?,Gemini,"{""P10"": 10.0, ""P20"": 20.0, ""P40"": 40.0, ""P50"": 50.0, ""P60"": 60.0, ""P80"": 80.0, ""P90"": 90.0}",0,fallback_default
20250901-160905,2025-09-01 16:15:13 +0300,discrete,38880,How many major US labor strikes with generative AI as one of their main reasons will start in 2029?,Grok,"{""P10"": 10.0, ""P20"": 20.0, ""P40"": 40.0, ""P50"": 50.0, ""P60"": 60.0, ""P80"": 80.0, ""P90"": 90.0}",0,fallback_default
20250901-162059,2025-09-01 16:21:00 +0300,binary,578,Will humans go extinct before 2100?,GPT-5-Thinking,0.040000,1,
20250901-162059,2025-09-01 16:21:00 +0300,binary,578,Will humans go extinct before 2100?,Gemini,,0,parse_failed
20250901-162059,2025-09-01 16:21:00 +0300,binary,578,Will humans go extinct before 2100?,Grok,0.050000,1,
20250901-162059,2025-09-01 16:22:33 +0300,numeric,14333,How old will the oldest living person be in 2100?,GPT-5-Thinking,"{""P10"": 116.0, ""P20"": 118.0, ""P40"": 121.0, ""P60"": 124.0, ""P80"": 128.0, ""P90"": 133.0}",1,
20250901-162059,2025-09-01 16:22:33 +0300,numeric,14333,How old will the oldest living person be in 2100?,Gemini,"{""P10"": 10.0, ""P20"": 20.0, ""P40"": 40.0, ""P50"": 50.0, ""P60"": 60.0, ""P80"": 80.0, ""P90"": 90.0}",0,fallback_default
20250901-162059,2025-09-01 16:22:33 +0300,numeric,14333,How old will the oldest living person be in 2100?,Grok,"{""P10"": 10.0, ""P20"": 20.0, ""P40"": 40.0, ""P50"": 50.0, ""P60"": 60.0, ""P80"": 80.0, ""P90"": 90.0}",0,fallback_default
20250901-162059,2025-09-01 16:25:34 +0300,multiple_choice,22427,"Before 2030, how many new AI labs will be leading labs within 2 years of their founding?",GPT-5-Thinking,"[0.3, 0.45, 0.18, 0.05, 0.015, 0.005]",1,
20250901-162059,2025-09-01 16:25:34 +0300,multiple_choice,22427,"Before 2030, how many new AI labs will be leading labs within 2 years of their founding?",Gemini,"[0.35, 0.45, 0.15, 0.03, 0.01, 0.01]",1,
20250901-162059,2025-09-01 16:25:34 +0300,multiple_choice,22427,"Before 2030, how many new AI labs will be leading labs within 2 years of their founding?",Grok,"[0.16666666666666666, 0.16666666666666666, 0.16666666666666666, 0.16666666666666666, 0.16666666666666666, 0.16666666666666666]",0,fallback_equal
20250901-162059,2025-09-01 16:26:57 +0300,discrete,38880,How many major US labor strikes with generative AI as one of their main reasons will start in 2029?,GPT-5-Thinking,"{""P10"": 0.0, ""P20"": 0.0, ""P40"": 1.0, ""P60"": 1.0, ""P80"": 2.0, ""P90"": 2.0}",1,
20250901-162059,2025-09-01 16:26:57 +0300,discrete,38880,How many major US labor strikes with generative AI as one of their main reasons will start in 2029?,Gemini,"{""P10"": 0.0, ""P20"": 1.0, ""P40"": 2.0, ""P60"": 3.0, ""P80"": 5.0, ""P90"": 7.0}",1,
20250901-162059,2025-09-01 16:26:57 +0300,discrete,38880,How many major US labor strikes with generative AI as one of their main reasons will start in 2029?,Grok,"{""P10"": 10.0, ""P20"": 20.0, ""P40"": 40.0, ""P50"": 50.0, ""P60"": 60.0, ""P80"": 80.0, ""P90"": 90.0}",0,fallback_default
20250901-172824,2025-09-01 17:28:25 +0300,binary,578,Will humans go extinct before 2100?,GPT-5-Thinking,0.060000,1,
20250901-172824,2025-09-01 17:28:25 +0300,binary,578,Will humans go extinct before 2100?,Gemini,0.090000,1,
20250901-172824,2025-09-01 17:28:25 +0300,binary,578,Will humans go extinct before 2100?,Grok,0.030000,1,
20250901-172824,2025-09-01 17:30:40 +0300,numeric,14333,How old will the oldest living person be in 2100?,GPT-5-Thinking,"{""P10"": 10.0, ""P20"": 20.0, ""P40"": 40.0, ""P50"": 50.0, ""P60"": 60.0, ""P80"": 80.0, ""P90"": 90.0}",0,fallback_default
20250901-172824,2025-09-01 17:30:40 +0300,numeric,14333,How old will the oldest living person be in 2100?,Gemini,"{""P10"": 115.0, ""P20"": 117.0, ""P40"": 118.0, ""P60"": 120.0, ""P80"": 124.0, ""P90"": 128.0}",1,
20250901-172824,2025-09-01 17:30:40 +0300,numeric,14333,How old will the oldest living person be in 2100?,Grok,"{""P10"": 10.0, ""P20"": 20.0, ""P40"": 40.0, ""P50"": 50.0, ""P60"": 60.0, ""P80"": 80.0, ""P90"": 90.0}",0,fallback_default
20250901-172824,2025-09-01 17:33:41 +0300,multiple_choice,22427,"Before 2030, how many new AI labs will be leading labs within 2 years of their founding?",GPT-5-Thinking,"[0.16666666666666666, 0.16666666666666666, 0.16666666666666666, 0.16666666666666666, 0.16666666666666666, 0.16666666666666666]",0,fallback_equal
20250901-172824,2025-09-01 17:33:41 +0300,multiple_choice,22427,"Before 2030, how many new AI labs will be leading labs within 2 years of their founding?",Gemini,"[0.55, 0.35, 0.07, 0.02, 0.01, 0.0]",1,
20250901-172824,2025-09-01 17:33:41 +0300,multiple_choice,22427,"Before 2030, how many new AI labs will be leading labs within 2 years of their founding?",Grok,"[0.16666666666666666, 0.16666666666666666, 0.16666666666666666, 0.16666666666666666, 0.16666666666666666, 0.16666666666666666]",0,fallback_equal
20250901-172824,2025-09-01 17:35:17 +0300,discrete,38880,How many major US labor strikes with generative AI as one of their main reasons will start in 2029?,GPT-5-Thinking,"{""P10"": 10.0, ""P20"": 20.0, ""P40"": 40.0, ""P50"": 50.0, ""P60"": 60.0, ""P80"": 80.0, ""P90"": 90.0}",0,fallback_default
20250901-172824,2025-09-01 17:35:17 +0300,discrete,38880,How many major US labor strikes with generative AI as one of their main reasons will start in 2029?,Gemini,"{""P10"": 1.0, ""P20"": 2.0, ""P40"": 3.0, ""P60"": 4.0, ""P80"": 6.0, ""P90"": 8.0}",1,
20250901-172824,2025-09-01 17:35:17 +0300,discrete,38880,How many major US labor strikes with generative AI as one of their main reasons will start in 2029?,Grok,"{""P10"": 10.0, ""P20"": 20.0, ""P40"": 40.0, ""P50"": 50.0, ""P60"": 60.0, ""P80"": 80.0, ""P90"": 90.0}",0,fallback_default
20250902-103831,2025-09-02 10:38:33 +0300,binary,578,Will humans go extinct before 2100?,GPT-5-Thinking,0.100000,1,
20250902-103831,2025-09-02 10:38:33 +0300,binary,578,Will humans go extinct before 2100?,Gemini,,0,parse_failed
20250902-103831,2025-09-02 10:38:33 +0300,binary,578,Will humans go extinct before 2100?,Grok,0.080000,1,
20250902-103831,2025-09-02 10:39:08 +0300,numeric,14333,How old will the oldest living person be in 2100?,GPT-5-Thinking,"{""P10"": 116.0, ""P20"": 118.0, ""P40"": 120.0, ""P60"": 122.0, ""P80"": 124.0, ""P90"": 126.0}",1,
20250902-103831,2025-09-02 10:39:08 +0300,numeric,14333,How old will the oldest living person be in 2100?,Gemini,"{""P10"": 116.0, ""P20"": 118.0, ""P40"": 120.0, ""P60"": 123.0, ""P80"": 128.0, ""P90"": 134.0}",1,
20250902-103831,2025-09-02 10:39:08 +0300,numeric,14333,How old will the oldest living person be in 2100?,Grok,"{""P10"": 10.0, ""P20"": 20.0, ""P40"": 40.0, ""P50"": 50.0, ""P60"": 60.0, ""P80"": 80.0, ""P90"": 90.0}",0,fallback_default
20250902-103831,2025-09-02 10:42:09 +0300,multiple_choice,22427,"Before 2030, how many new AI labs will be leading labs within 2 years of their founding?",GPT-5-Thinking,"[0.35, 0.39, 0.15, 0.07, 0.03, 0.01]",1,
20250902-103831,2025-09-02 10:42:09 +0300,multiple_choice,22427,"Before 2030, how many new AI labs will be leading labs within 2 years of their founding?",Gemini,"[0.16666666666666666, 0.16666666666666666, 0.16666666666666666, 0.16666666666666666, 0.16666666666666666, 0.16666666666666666]",0,fallback_equal
20250902-103831,2025-09-02 10:42:09 +0300,multiple_choice,22427,"Before 2030, how many new AI labs will be leading labs within 2 years of their founding?",Grok,"[0.16666666666666666, 0.16666666666666666, 0.16666666666666666, 0.16666666666666666, 0.16666666666666666, 0.16666666666666666]",0,fallback_equal
20250902-103831,2025-09-02 10:42:36 +0300,discrete,38880,How many major US labor strikes with generative AI as one of their main reasons will start in 2029?,GPT-5-Thinking,"{""P10"": 2.0, ""P20"": 3.0, ""P40"": 5.0, ""P60"": 7.0, ""P80"": 9.0, ""P90"": 11.0}",1,
20250902-103831,2025-09-02 10:42:36 +0300,discrete,38880,How many major US labor strikes with generative AI as one of their main reasons will start in 2029?,Gemini,"{""P10"": 2.0, ""P20"": 3.0, ""P40"": 4.0, ""P60"": 5.0, ""P80"": 6.0, ""P90"": 7.0}",1,
20250902-103831,2025-09-02 10:42:36 +0300,discrete,38880,How many major US labor strikes with generative AI as one of their main reasons will start in 2029?,Grok,"{""P10"": 10.0, ""P20"": 20.0, ""P40"": 40.0, ""P50"": 50.0, ""P60"": 60.0, ""P80"": 80.0, ""P90"": 90.0}",0,fallback_default
20250902-111004,2025-09-02 11:10:06 +0300,binary,578,Will humans go extinct before 2100?,GPT-5-Thinking,0.020000,1,
20250902-111004,2025-09-02 11:10:06 +0300,binary,578,Will humans go extinct before 2100?,Gemini,0.020000,1,
20250902-111004,2025-09-02 11:10:06 +0300,binary,578,Will humans go extinct before 2100?,Grok,0.050000,1,
20250902-111004,2025-09-02 11:11:06 +0300,numeric,14333,How old will the oldest living person be in 2100?,GPT-5-Thinking,"{""P10"": 116.0, ""P20"": 118.0, ""P40"": 120.0, ""P60"": 122.0, ""P80"": 124.0, ""P90"": 126.0}",1,
20250902-111004,2025-09-02 11:11:06 +0300,numeric,14333,How old will the oldest living person be in 2100?,Gemini,"{""P10"": 10.0, ""P20"": 20.0, ""P40"": 40.0, ""P50"": 50.0, ""P60"": 60.0, ""P80"": 80.0, ""P90"": 90.0}",0,fallback_default
20250902-111004,2025-09-02 11:11:06 +0300,numeric,14333,How old will the oldest living person be in 2100?,Grok,"{""P10"": 120.0, ""P20"": 123.0, ""P40"": 128.0, ""P60"": 133.0, ""P80"": 142.0, ""P90"": 155.0}",1,
20250902-111004,2025-09-02 11:13:46 +0300,multiple_choice,22427,"Before 2030, how many new AI labs will be leading labs within 2 years of their founding?",GPT-5-Thinking,"[0.35, 0.46, 0.12, 0.05, 0.01, 0.01]",1,
20250902-111004,2025-09-02 11:13:46 +0300,multiple_choice,22427,"Before 2030, how many new AI labs will be leading labs within 2 years of their founding?",Gemini,"[0.16666666666666666, 0.16666666666666666, 0.16666666666666666, 0.16666666666666666, 0.16666666666666666, 0.16666666666666666]",0,fallback_equal
20250902-111004,2025-09-02 11:13:46 +0300,multiple_choice,22427,"Before 2030, how many new AI labs will be leading labs within 2 years of their founding?",Grok,"[0.30000000000000004, 0.4000000000000001, 0.20000000000000004, 0.08000000000000002, 0.010000000000000002, 0.010000000000000002]",1,
20250902-111004,2025-09-02 11:16:33 +0300,discrete,38880,How many major US labor strikes with generative AI as one of their main reasons will start in 2029?,GPT-5-Thinking,"{""P10"": 1.0, ""P20"": 2.0, ""P40"": 3.0, ""P60"": 4.0, ""P80"": 5.0, ""P90"": 6.0}",1,
20250902-111004,2025-09-02 11:16:33 +0300,discrete,38880,How many major US labor strikes with generative AI as one of their main reasons will start in 2029?,Gemini,"{""P10"": 10.0, ""P20"": 20.0, ""P40"": 40.0, ""P50"": 50.0, ""P60"": 60.0, ""P80"": 80.0, ""P90"": 90.0}",0,fallback_default
20250902-111004,2025-09-02 11:16:33 +0300,discrete,38880,How many major US labor strikes with generative AI as one of their main reasons will start in 2029?,Grok,"{""P10"": 0.0, ""P20"": 1.0, ""P40"": 1.0, ""P60"": 2.0, ""P80"": 3.0, ""P90"": 4.0}",1,
20250902-112556,2025-09-02 11:25:58 +0300,binary,578,Will humans go extinct before 2100?,GPT-5-Thinking,0.120000,1,
20250902-112556,2025-09-02 11:25:58 +0300,binary,578,Will humans go extinct before 2100?,Gemini,,0,parse_failed
20250902-112556,2025-09-02 11:25:58 +0300,binary,578,Will humans go extinct before 2100?,Grok,0.060000,1,
20250902-112556,2025-09-02 11:27:05 +0300,numeric,14333,How old will the oldest living person be in 2100?,GPT-5-Thinking,"{""P10"": 118.0, ""P20"": 120.0, ""P40"": 123.0, ""P60"": 126.0, ""P80"": 128.0, ""P90"": 130.0}",1,
20250902-112556,2025-09-02 11:27:05 +0300,numeric,14333,How old will the oldest living person be in 2100?,Gemini,"{""P10"": 10.0, ""P20"": 20.0, ""P40"": 40.0, ""P50"": 50.0, ""P60"": 60.0, ""P80"": 80.0, ""P90"": 90.0}",0,fallback_default
20250902-112556,2025-09-02 11:27:05 +0300,numeric,14333,How old will the oldest living person be in 2100?,Grok,"{""P10"": 10.0, ""P20"": 20.0, ""P40"": 40.0, ""P50"": 50.0, ""P60"": 60.0, ""P80"": 80.0, ""P90"": 90.0}",0,fallback_default
20250902-112556,2025-09-02 11:30:06 +0300,multiple_choice,22427,"Before 2030, how many new AI labs will be leading labs within 2 years of their founding?",GPT-5-Thinking,"[0.2285714285714286, 0.1142857142857143, 0.045714285714285714, 0.022857142857142857, 0.017142857142857144, 0.5714285714285714]",1,
20250902-112556,2025-09-02 11:30:06 +0300,multiple_choice,22427,"Before 2030, how many new AI labs will be leading labs within 2 years of their founding?",Gemini,"[0.16666666666666666, 0.16666666666666666, 0.16666666666666666, 0.16666666666666666, 0.16666666666666666, 0.16666666666666666]",0,fallback_equal
20250902-112556,2025-09-02 11:30:06 +0300,multiple_choice,22427,"Before 2030, how many new AI labs will be leading labs within 2 years of their founding?",Grok,"[0.16666666666666666, 0.16666666666666666, 0.16666666666666666, 0.16666666666666666, 0.16666666666666666, 0.16666666666666666]",0,fallback_equal
20250902-112556,2025-09-02 11:31:13 +0300,discrete,38880,How many major US labor strikes with generative AI as one of their main reasons will start in 2029?,GPT-5-Thinking,"{""P10"": 1.0, ""P20"": 1.0, ""P40"": 2.0, ""P60"": 3.0, ""P80"": 4.0, ""P90"": 5.0}",1,
20250902-112556,2025-09-02 11:31:13 +0300,discrete,38880,How many major US labor strikes with generative AI as one of their main reasons will start in 2029?,Gemini,"{""P10"": 10.0, ""P20"": 20.0, ""P40"": 40.0, ""P50"": 50.0, ""P60"": 60.0, ""P80"": 80.0, ""P90"": 90.0}",0,fallback_default
20250902-112556,2025-09-02 11:31:13 +0300,discrete,38880,How many major US labor strikes with generative AI as one of their main reasons will start in 2029?,Grok,"{""P10"": 10.0, ""P20"": 20.0, ""P40"": 40.0, ""P50"": 50.0, ""P60"": 60.0, ""P80"": 80.0, ""P90"": 90.0}",0,fallback_default
20250902-114303,2025-09-02 11:43:05 +0300,binary,578,Will humans go extinct before 2100?,GPT-5-Thinking,0.060000,1,
20250902-114303,2025-09-02 11:43:05 +0300,binary,578,Will humans go extinct before 2100?,Gemini,0.120000,1,
20250902-114303,2025-09-02 11:43:05 +0300,binary,578,Will humans go extinct before 2100?,Grok,0.180000,1,
20250902-114303,2025-09-02 11:44:07 +0300,numeric,14333,How old will the oldest living person be in 2100?,GPT-5-Thinking,"{""P10"": 113.0, ""P20"": 115.0, ""P40"": 117.0, ""P60"": 119.0, ""P80"": 121.0, ""P90"": 123.0}",1,
20250902-114303,2025-09-02 11:44:07 +0300,numeric,14333,How old will the oldest living person be in 2100?,Gemini,"{""P10"": 117.0, ""P20"": 118.0, ""P40"": 119.0, ""P60"": 121.0, ""P80"": 123.0, ""P90"": 126.0}",1,
20250902-114303,2025-09-02 11:44:07 +0300,numeric,14333,How old will the oldest living person be in 2100?,Grok,"{""P10"": 10.0, ""P20"": 20.0, ""P40"": 40.0, ""P50"": 50.0, ""P60"": 60.0, ""P80"": 80.0, ""P90"": 90.0}",0,fallback_default
20250902-114303,2025-09-02 11:47:09 +0300,multiple_choice,22427,"Before 2030, how many new AI labs will be leading labs within 2 years of their founding?",GPT-5-Thinking,"[0.35, 0.39, 0.15, 0.07, 0.03, 0.01]",1,
20250902-114303,2025-09-02 11:47:09 +0300,multiple_choice,22427,"Before 2030, how many new AI labs will be leading labs within 2 years of their founding?",Gemini,"[0.17000000000000004, 0.43000000000000005, 0.30000000000000004, 0.08000000000000002, 0.010000000000000002, 0.010000000000000002]",1,
20250902-114303,2025-09-02 11:47:09 +0300,multiple_choice,22427,"Before 2030, how many new AI labs will be leading labs within 2 years of their founding?",Grok,"[0.16666666666666666, 0.16666666666666666, 0.16666666666666666, 0.16666666666666666, 0.16666666666666666, 0.16666666666666666]",0,fallback_equal
20250902-114303,2025-09-02 11:48:53 +0300,discrete,38880,How many major US labor strikes with generative AI as one of their main reasons will start in 2029?,GPT-5-Thinking,"{""P10"": 1.0, ""P20"": 2.0, ""P40"": 2.5, ""P60"": 3.0, ""P80"": 4.0, ""P90"": 5.0}",1,
20250902-114303,2025-09-02 11:48:53 +0300,discrete,38880,How many major US labor strikes with generative AI as one of their main reasons will start in 2029?,Gemini,"{""P10"": 1.0, ""P20"": 2.0, ""P40"": 3.0, ""P60"": 4.0, ""P80"": 6.0, ""P90"": 7.0}",1,
20250902-114303,2025-09-02 11:48:53 +0300,discrete,38880,How many major US labor strikes with generative AI as one of their main reasons will start in 2029?,Grok,"{""P10"": 10.0, ""P20"": 20.0, ""P40"": 40.0, ""P50"": 50.0, ""P60"": 60.0, ""P80"": 80.0, ""P90"": 90.0}",0,fallback_default
20250902-122810,2025-09-02 12:28:12 +0300,binary,578,Will humans go extinct before 2100?,OpenRouter-Default,0.140000,1,
20250902-122810,2025-09-02 12:28:12 +0300,binary,578,Will humans go extinct before 2100?,Gemini,0.060000,1,
20250902-122810,2025-09-02 12:28:12 +0300,binary,578,Will humans go extinct before 2100?,Grok,0.150000,1,
20250902-122810,2025-09-02 12:29:33 +0300,numeric,14333,How old will the oldest living person be in 2100?,OpenRouter-Default,"{""P10"": 113.0, ""P20"": 115.0, ""P40"": 118.0, ""P60"": 120.0, ""P80"": 123.0, ""P90"": 125.0}",1,
20250902-122810,2025-09-02 12:29:33 +0300,numeric,14333,How old will the oldest living person be in 2100?,Gemini,"{""P10"": 114.0, ""P20"": 116.0, ""P40"": 118.0, ""P60"": 120.0, ""P80"": 123.0, ""P90"": 128.0}",1,
20250902-122810,2025-09-02 12:29:33 +0300,numeric,14333,How old will the oldest living person be in 2100?,Grok,"{""P10"": 10.0, ""P20"": 20.0, ""P40"": 40.0, ""P50"": 50.0, ""P60"": 60.0, ""P80"": 80.0, ""P90"": 90.0}",0,fallback_default
20250902-122810,2025-09-02 12:32:34 +0300,multiple_choice,22427,"Before 2030, how many new AI labs will be leading labs within 2 years of their founding?",OpenRouter-Default,"[0.35, 0.39, 0.17, 0.06, 0.02, 0.01]",1,
20250902-122810,2025-09-02 12:32:34 +0300,multiple_choice,22427,"Before 2030, how many new AI labs will be leading labs within 2 years of their founding?",Gemini,"[0.35, 0.47, 0.15, 0.02, 0.005, 0.005]",1,
20250902-122810,2025-09-02 12:32:34 +0300,multiple_choice,22427,"Before 2030, how many new AI labs will be leading labs within 2 years of their founding?",Grok,"[0.16666666666666666, 0.16666666666666666, 0.16666666666666666, 0.16666666666666666, 0.16666666666666666, 0.16666666666666666]",0,fallback_equal
20250902-122810,2025-09-02 12:34:03 +0300,discrete,38880,How many major US labor strikes with generative AI as one of their main reasons will start in 2029?,OpenRouter-Default,"{""P10"": 1.0, ""P20"": 2.0, ""P40"": 3.0, ""P60"": 4.0, ""P80"": 5.0, ""P90"": 6.0}",1,
20250902-122810,2025-09-02 12:34:03 +0300,discrete,38880,How many major US labor strikes with generative AI as one of their main reasons will start in 2029?,Gemini,"{""P10"": 1.0, ""P20"": 2.0, ""P40"": 4.0, ""P60"": 5.0, ""P80"": 7.0, ""P90"": 9.0}",1,
20250902-122810,2025-09-02 12:34:03 +0300,discrete,38880,How many major US labor strikes with generative AI as one of their main reasons will start in 2029?,Grok,"{""P10"": 10.0, ""P20"": 20.0, ""P40"": 40.0, ""P50"": 50.0, ""P60"": 60.0, ""P80"": 80.0, ""P90"": 90.0}",0,fallback_default
20250902-153434,2025-09-02 15:34:36 +0300,binary,578,Will humans go extinct before 2100?,OpenRouter-Default,0.210000,1,
20250902-153434,2025-09-02 15:34:36 +0300,binary,578,Will humans go extinct before 2100?,Gemini,0.230000,1,
20250902-153434,2025-09-02 15:34:36 +0300,binary,578,Will humans go extinct before 2100?,Grok,0.100000,1,
20250902-174606,2025-09-02 17:46:08 +0300,binary,578,Will humans go extinct before 2100?,OpenRouter-Default [openai/gpt-4o],0.200000,1,
20250902-174606,2025-09-02 17:46:08 +0300,binary,578,Will humans go extinct before 2100?,Gemini [gemini-2.5-pro],0.150000,1,
20250902-174606,2025-09-02 17:46:08 +0300,binary,578,Will humans go extinct before 2100?,Grok [grok-4],0.130000,1,
20250902-181611,2025-09-02 18:16:12 +0300,binary,578,Will humans go extinct before 2100?,OpenRouter-Default [openai/gpt-4o],0.150000,1,
20250902-181611,2025-09-02 18:16:12 +0300,binary,578,Will humans go extinct before 2100?,Claude-3.7-Sonnet (OR) [anthropic/claude-3.7-sonnet],0.220000,1,
20250902-181611,2025-09-02 18:16:12 +0300,binary,578,Will humans go extinct before 2100?,Gemini [gemini-2.5-pro],0.150000,1,
20250902-181611,2025-09-02 18:16:12 +0300,binary,578,Will humans go extinct before 2100?,Grok [grok-4],0.150000,1,
20250902-182854,2025-09-02 18:28:56 +0300,binary,578,Will humans go extinct before 2100?,OpenRouter-Default [openai/gpt-4o],0.200000,1,
20250902-182854,2025-09-02 18:28:56 +0300,binary,578,Will humans go extinct before 2100?,Claude-3.7-Sonnet (OR) [anthropic/claude-3.7-sonnet],0.100000,1,
20250902-182854,2025-09-02 18:28:56 +0300,binary,578,Will humans go extinct before 2100?,Gemini [gemini-2.5-pro],0.090000,1,
20250902-182854,2025-09-02 18:28:56 +0300,binary,578,Will humans go extinct before 2100?,Grok [grok-4],0.200000,1,
20250903-151511,2025-09-03 15:15:12 +0300,binary,578,Will humans go extinct before 2100?,OpenRouter-Default [openai/gpt-4o],0.060000,1,
20250903-151511,2025-09-03 15:15:12 +0300,binary,578,Will humans go extinct before 2100?,Claude-3.7-Sonnet (OR) [anthropic/claude-3.7-sonnet],0.170000,1,
20250903-151511,2025-09-03 15:15:12 +0300,binary,578,Will humans go extinct before 2100?,Gemini [gemini-2.5-pro],0.060000,1,
20250903-151511,2025-09-03 15:15:12 +0300,binary,578,Will humans go extinct before 2100?,Grok [grok-4],0.080000,1,
20250903-153858,2025-09-03 15:39:00 +0300,binary,578,Will humans go extinct before 2100?,OpenRouter-Default [openai/gpt-4o],0.180000,1,
20250903-153858,2025-09-03 15:39:00 +0300,binary,578,Will humans go extinct before 2100?,Claude-3.7-Sonnet (OR) [anthropic/claude-3.7-sonnet],0.250000,1,
20250903-153858,2025-09-03 15:39:00 +0300,binary,578,Will humans go extinct before 2100?,Gemini [gemini-2.5-pro],0.150000,1,
20250903-153858,2025-09-03 15:39:00 +0300,binary,578,Will humans go extinct before 2100?,Grok [grok-4],0.200000,1,
20250903-155833,2025-09-03 15:58:34 +0300,binary,578,Will humans go extinct before 2100?,OpenRouter-Default [openai/gpt-4o],0.070000,1,
20250903-155833,2025-09-03 15:58:34 +0300,binary,578,Will humans go extinct before 2100?,Claude-3.7-Sonnet (OR) [anthropic/claude-3.7-sonnet],0.100000,1,
20250903-155833,2025-09-03 15:58:34 +0300,binary,578,Will humans go extinct before 2100?,Gemini [gemini-2.5-pro],,0,parse_failed
20250903-155833,2025-09-03 15:58:34 +0300,binary,578,Will humans go extinct before 2100?,Grok [grok-4],0.060000,1,
20250903-164330,2025-09-03 16:43:31 +0300,binary,578,Will humans go extinct before 2100?,OpenRouter-Default [openai/gpt-4o],0.150000,1,
20250903-164330,2025-09-03 16:43:31 +0300,binary,578,Will humans go extinct before 2100?,Claude-3.7-Sonnet (OR) [anthropic/claude-3.7-sonnet],0.010000,1,
20250903-164330,2025-09-03 16:43:31 +0300,binary,578,Will humans go extinct before 2100?,Gemini [gemini-2.5-pro],,0,parse_failed
20250903-164330,2025-09-03 16:43:31 +0300,binary,578,Will humans go extinct before 2100?,Grok [grok-4],0.060000,1,
20250903-181454,2025-09-03 18:14:56 +0300,binary,578,Will humans go extinct before 2100?,OpenRouter-Default [openai/gpt-4o],0.200000,1,
20250903-181454,2025-09-03 18:14:56 +0300,binary,578,Will humans go extinct before 2100?,Claude-3.7-Sonnet (OR) [anthropic/claude-3.7-sonnet],0.400000,1,
20250903-181454,2025-09-03 18:14:56 +0300,binary,578,Will humans go extinct before 2100?,Gemini [gemini-2.5-pro],,0,parse_failed
20250903-181454,2025-09-03 18:14:56 +0300,binary,578,Will humans go extinct before 2100?,Grok [grok-4],0.080000,1,
20250903-183750,2025-09-03 18:37:51 +0300,binary,578,Will humans go extinct before 2100?,OpenRouter-Default [openai/gpt-4o],0.220000,1,
20250903-183750,2025-09-03 18:37:51 +0300,binary,578,Will humans go extinct before 2100?,Claude-3.7-Sonnet (OR) [anthropic/claude-3.7-sonnet],0.035000,1,
20250903-183750,2025-09-03 18:37:51 +0300,binary,578,Will humans go extinct before 2100?,Gemini [gemini-2.5-pro],,0,parse_failed
20250903-183750,2025-09-03 18:37:51 +0300,binary,578,Will humans go extinct before 2100?,Grok [grok-4],0.030000,1,
20250904-172345,2025-09-04 17:23:46 +0300,binary,578,Will humans go extinct before 2100?,OpenRouter-Default [openai/gpt-4o],0.020000,1,
20250904-172345,2025-09-04 17:23:46 +0300,binary,578,Will humans go extinct before 2100?,Claude-3.7-Sonnet (OR) [anthropic/claude-3.7-sonnet],0.030000,1,
20250904-172345,2025-09-04 17:23:46 +0300,binary,578,Will humans go extinct before 2100?,Gemini [gemini-2.5-pro],,0,parse_failed
20250904-172345,2025-09-04 17:23:46 +0300,binary,578,Will humans go extinct before 2100?,Grok [grok-4],0.060000,1,
20250905-103459,2025-09-05 10:35:01 +0300,binary,578,Will humans go extinct before 2100?,OpenRouter-Default [openai/gpt-4o],0.020000,1,
20250905-103459,2025-09-05 10:35:01 +0300,binary,578,Will humans go extinct before 2100?,Claude-3.7-Sonnet (OR) [anthropic/claude-3.7-sonnet],0.150000,1,
20250905-103459,2025-09-05 10:35:01 +0300,binary,578,Will humans go extinct before 2100?,Gemini [gemini-2.5-pro],,0,parse_failed
20250905-103459,2025-09-05 10:35:01 +0300,binary,578,Will humans go extinct before 2100?,Grok [grok-4],0.080000,1,
20250905-103906,2025-09-05 10:39:07 +0300,binary,578,Will humans go extinct before 2100?,OpenRouter-Default [openai/gpt-4o],0.030000,1,
20250905-103906,2025-09-05 10:39:07 +0300,binary,578,Will humans go extinct before 2100?,Claude-3.7-Sonnet (OR) [anthropic/claude-3.7-sonnet],0.040000,1,
20250905-103906,2025-09-05 10:39:07 +0300,binary,578,Will humans go extinct before 2100?,Gemini [gemini-2.5-pro],,0,parse_failed
20250905-103906,2025-09-05 10:39:07 +0300,binary,578,Will humans go extinct before 2100?,Grok [grok-4],0.020000,1,
20250905-110220,2025-09-05 11:02:21 +0300,binary,578,Will humans go extinct before 2100?,OpenRouter-Default [openai/gpt-4o],0.020000,1,
20250905-110220,2025-09-05 11:02:21 +0300,binary,578,Will humans go extinct before 2100?,Claude-3.7-Sonnet (OR) [anthropic/claude-3.7-sonnet],0.030000,1,
20250905-110220,2025-09-05 11:02:21 +0300,binary,578,Will humans go extinct before 2100?,Gemini [gemini-2.5-pro],0.020000,1,
20250905-110220,2025-09-05 11:02:21 +0300,binary,578,Will humans go extinct before 2100?,Grok [grok-4],0.020000,1,
20250905-132503,2025-09-05 13:25:04 +0300,binary,578,Will humans go extinct before 2100?,OpenRouter-Default [openai/gpt-4o],0.040000,1,
20250905-132503,2025-09-05 13:25:04 +0300,binary,578,Will humans go extinct before 2100?,Claude-3.7-Sonnet (OR) [anthropic/claude-3.7-sonnet],0.040000,1,
20250905-132503,2025-09-05 13:25:04 +0300,binary,578,Will humans go extinct before 2100?,Gemini [gemini-2.5-pro],0.080000,1,
20250905-132503,2025-09-05 13:25:04 +0300,binary,578,Will humans go extinct before 2100?,Grok [grok-4],0.100000,1,
20250905-134739,2025-09-05 13:47:40 +0300,binary,578,Will humans go extinct before 2100?,OpenRouter-Default [openai/gpt-4o],0.030000,1,
20250905-134739,2025-09-05 13:47:40 +0300,binary,578,Will humans go extinct before 2100?,Claude-3.7-Sonnet (OR) [anthropic/claude-3.7-sonnet],0.030000,1,
20250905-134739,2025-09-05 13:47:40 +0300,binary,578,Will humans go extinct before 2100?,Gemini [gemini-2.5-pro],0.020000,1,
20250905-134739,2025-09-05 13:47:40 +0300,binary,578,Will humans go extinct before 2100?,Grok [grok-4],0.030000,1,
20250905-162102,2025-09-05 16:21:03 +0300,binary,578,Will humans go extinct before 2100?,OpenRouter-Default [openai/gpt-4o],0.030000,1,
20250905-162102,2025-09-05 16:21:03 +0300,binary,578,Will humans go extinct before 2100?,Claude-3.7-Sonnet (OR) [anthropic/claude-3.7-sonnet],0.020000,1,
20250905-162102,2025-09-05 16:21:03 +0300,binary,578,Will humans go extinct before 2100?,Gemini [gemini-2.5-pro],,0,parse_failed
20250905-162102,2025-09-05 16:21:03 +0300,binary,578,Will humans go extinct before 2100?,Grok [grok-4],0.050000,1,
20250905-190714,2025-09-05 19:07:15 +0300,binary,578,Will humans go extinct before 2100?,OpenRouter-Default [openai/gpt-4o],0.050000,1,
20250905-190714,2025-09-05 19:07:15 +0300,binary,578,Will humans go extinct before 2100?,Claude-3.7-Sonnet (OR) [anthropic/claude-3.7-sonnet],0.040000,1,
20250905-190714,2025-09-05 19:07:15 +0300,binary,578,Will humans go extinct before 2100?,Gemini [gemini-2.5-pro],0.040000,1,
20250905-190714,2025-09-05 19:07:15 +0300,binary,578,Will humans go extinct before 2100?,Grok [grok-4],0.030000,1,
20250906-121523,2025-09-06 12:15:24 +0300,binary,578,Will humans go extinct before 2100?,OpenRouter-Default [openai/gpt-4o],0.050000,1,
20250906-121523,2025-09-06 12:15:24 +0300,binary,578,Will humans go extinct before 2100?,Claude-3.7-Sonnet (OR) [anthropic/claude-3.7-sonnet],0.050000,1,
20250906-121523,2025-09-06 12:15:24 +0300,binary,578,Will humans go extinct before 2100?,Gemini [gemini-2.5-pro],0.060000,1,
20250906-121523,2025-09-06 12:15:24 +0300,binary,578,Will humans go extinct before 2100?,Grok [grok-4],0.020000,1,
20250908-124959,2025-09-08 12:50:01 +0300,binary,39101,Which states will Pope Leo XIV visit in 2025? (Israel),OpenRouter-Default [openai/gpt-4o],0.130000,1,
20250908-124959,2025-09-08 12:50:01 +0300,binary,39101,Which states will Pope Leo XIV visit in 2025? (Israel),Claude-3.7-Sonnet (OR) [anthropic/claude-3.7-sonnet],0.120000,1,
20250908-124959,2025-09-08 12:50:01 +0300,binary,39101,Which states will Pope Leo XIV visit in 2025? (Israel),Gemini [gemini-2.5-pro],0.040000,1,
20250908-124959,2025-09-08 12:50:01 +0300,binary,39101,Which states will Pope Leo XIV visit in 2025? (Israel),Grok [grok-4],0.110000,1,
20250908-124959,2025-09-08 12:51:33 +0300,binary,39100,Which states will Pope Leo XIV visit in 2025? (United States),OpenRouter-Default [openai/gpt-4o],0.080000,1,
20250908-124959,2025-09-08 12:51:33 +0300,binary,39100,Which states will Pope Leo XIV visit in 2025? (United States),Claude-3.7-Sonnet (OR) [anthropic/claude-3.7-sonnet],0.030000,1,
20250908-124959,2025-09-08 12:51:33 +0300,binary,39100,Which states will Pope Leo XIV visit in 2025? (United States),Gemini [gemini-2.5-pro],0.010000,1,
20250908-124959,2025-09-08 12:51:33 +0300,binary,39100,Which states will Pope Leo XIV visit in 2025? (United States),Grok [grok-4],0.050000,1,
20250908-124959,2025-09-08 12:53:08 +0300,binary,39102,Which states will Pope Leo XIV visit in 2025? (Turkiye),OpenRouter-Default [openai/gpt-4o],0.800000,1,
20250908-124959,2025-09-08 12:53:08 +0300,binary,39102,Which states will Pope Leo XIV visit in 2025? (Turkiye),Claude-3.7-Sonnet (OR) [anthropic/claude-3.7-sonnet],0.850000,1,
20250908-124959,2025-09-08 12:53:08 +0300,binary,39102,Which states will Pope Leo XIV visit in 2025? (Turkiye),Gemini [gemini-2.5-pro],0.900000,1,
20250908-124959,2025-09-08 12:53:08 +0300,binary,39102,Which states will Pope Leo XIV visit in 2025? (Turkiye),Grok [grok-4],0.790000,1,
20250908-132546,2025-09-08 13:25:47 +0300,binary,39101,Which states will Pope Leo XIV visit in 2025? (Israel),OpenRouter-Default [openai/gpt-4o],0.100000,1,
20250908-132546,2025-09-08 13:25:47 +0300,binary,39101,Which states will Pope Leo XIV visit in 2025? (Israel),Claude-3.7-Sonnet (OR) [anthropic/claude-3.7-sonnet],0.180000,1,
20250908-132546,2025-09-08 13:25:47 +0300,binary,39101,Which states will Pope Leo XIV visit in 2025? (Israel),Gemini [gemini-2.5-pro],0.080000,1,
20250908-132546,2025-09-08 13:25:47 +0300,binary,39101,Which states will Pope Leo XIV visit in 2025? (Israel),Grok [grok-4],0.080000,1,
20250908-132546,2025-09-08 13:27:35 +0300,binary,39100,Which states will Pope Leo XIV visit in 2025? (United States),OpenRouter-Default [openai/gpt-4o],0.050000,1,
20250908-132546,2025-09-08 13:27:35 +0300,binary,39100,Which states will Pope Leo XIV visit in 2025? (United States),Claude-3.7-Sonnet (OR) [anthropic/claude-3.7-sonnet],0.030000,1,
20250908-132546,2025-09-08 13:27:35 +0300,binary,39100,Which states will Pope Leo XIV visit in 2025? (United States),Gemini [gemini-2.5-pro],0.030000,1,
20250908-132546,2025-09-08 13:27:35 +0300,binary,39100,Which states will Pope Leo XIV visit in 2025? (United States),Grok [grok-4],0.070000,1,
20250908-132546,2025-09-08 13:28:46 +0300,binary,39102,Which states will Pope Leo XIV visit in 2025? (Turkiye),OpenRouter-Default [openai/gpt-4o],0.650000,1,
20250908-132546,2025-09-08 13:28:46 +0300,binary,39102,Which states will Pope Leo XIV visit in 2025? (Turkiye),Claude-3.7-Sonnet (OR) [anthropic/claude-3.7-sonnet],0.900000,1,
20250908-132546,2025-09-08 13:28:46 +0300,binary,39102,Which states will Pope Leo XIV visit in 2025? (Turkiye),Gemini [gemini-2.5-pro],0.850000,1,
20250908-132546,2025-09-08 13:28:46 +0300,binary,39102,Which states will Pope Leo XIV visit in 2025? (Turkiye),Grok [grok-4],0.800000,1,
20250908-135032,2025-09-08 13:50:33 +0300,binary,39101,Which states will Pope Leo XIV visit in 2025? (Israel),OpenRouter-Default [openai/gpt-4o],0.200000,1,
20250908-135032,2025-09-08 13:50:33 +0300,binary,39101,Which states will Pope Leo XIV visit in 2025? (Israel),Claude-3.7-Sonnet (OR) [anthropic/claude-3.7-sonnet],0.450000,1,
20250908-135032,2025-09-08 13:50:33 +0300,binary,39101,Which states will Pope Leo XIV visit in 2025? (Israel),Gemini [gemini-2.5-pro],0.130000,1,
20250908-135032,2025-09-08 13:50:33 +0300,binary,39101,Which states will Pope Leo XIV visit in 2025? (Israel),Grok [grok-4],0.120000,1,
20250908-135032,2025-09-08 13:52:06 +0300,binary,39100,Which states will Pope Leo XIV visit in 2025? (United States),OpenRouter-Default [openai/gpt-4o],0.080000,1,
20250908-135032,2025-09-08 13:52:06 +0300,binary,39100,Which states will Pope Leo XIV visit in 2025? (United States),Claude-3.7-Sonnet (OR) [anthropic/claude-3.7-sonnet],0.070000,1,
20250908-135032,2025-09-08 13:52:06 +0300,binary,39100,Which states will Pope Leo XIV visit in 2025? (United States),Gemini [gemini-2.5-pro],0.020000,1,
20250908-135032,2025-09-08 13:52:06 +0300,binary,39100,Which states will Pope Leo XIV visit in 2025? (United States),Grok [grok-4],0.030000,1,
20250908-135032,2025-09-08 13:53:19 +0300,binary,39102,Which states will Pope Leo XIV visit in 2025? (Turkiye),OpenRouter-Default [openai/gpt-4o],0.700000,1,
20250908-135032,2025-09-08 13:53:19 +0300,binary,39102,Which states will Pope Leo XIV visit in 2025? (Turkiye),Claude-3.7-Sonnet (OR) [anthropic/claude-3.7-sonnet],0.580000,1,
20250908-135032,2025-09-08 13:53:19 +0300,binary,39102,Which states will Pope Leo XIV visit in 2025? (Turkiye),Gemini [gemini-2.5-pro],0.780000,1,
20250908-135032,2025-09-08 13:53:19 +0300,binary,39102,Which states will Pope Leo XIV visit in 2025? (Turkiye),Grok [grok-4],0.650000,1,
20250908-155115,2025-09-08 15:51:17 +0300,multiple_choice,39175,What will be the result of the game between IM Levy Rozman Vs The World?,OpenRouter-Default [openai/gpt-4o],"[0.3, 0.15, 0.55]",1,
20250908-155115,2025-09-08 15:51:17 +0300,multiple_choice,39175,What will be the result of the game between IM Levy Rozman Vs The World?,Claude-3.7-Sonnet (OR) [anthropic/claude-3.7-sonnet],"[0.11111111111111112, 0.3333333333333333, 0.5555555555555556]",1,
20250908-155115,2025-09-08 15:51:17 +0300,multiple_choice,39175,What will be the result of the game between IM Levy Rozman Vs The World?,Gemini [gemini-2.5-pro],"[0.05, 0.55, 0.4]",1,
20250908-155115,2025-09-08 15:51:17 +0300,multiple_choice,39175,What will be the result of the game between IM Levy Rozman Vs The World?,Grok [grok-4],"[0.17, 0.3, 0.53]",1,
20250908-163405,2025-09-08 16:34:08 +0300,multiple_choice,39175,What will be the result of the game between IM Levy Rozman Vs The World?,OpenRouter-Default [openai/gpt-4o],"[0.35, 0.15, 0.5]",1,
20250908-163405,2025-09-08 16:34:08 +0300,multiple_choice,39175,What will be the result of the game between IM Levy Rozman Vs The World?,Claude-3.7-Sonnet (OR) [anthropic/claude-3.7-sonnet],"[0.22, 0.37, 0.41]",1,
20250908-163405,2025-09-08 16:34:08 +0300,multiple_choice,39175,What will be the result of the game between IM Levy Rozman Vs The World?,Gemini [gemini-2.5-pro],"[0.16, 0.49, 0.35]",1,
20250908-163405,2025-09-08 16:34:08 +0300,multiple_choice,39175,What will be the result of the game between IM Levy Rozman Vs The World?,Grok [grok-4],"[0.25, 0.2, 0.55]",1,
20250908-184749,2025-09-08 18:47:50 +0300,numeric,38842,What will the 2025 reconciliation bill set as the percent deduction allowed for qualified business income (QBI) in tax year 2026?,OpenRouter-Default [openai/gpt-4o],"{""P10"": 20.0, ""P20"": 21.0, ""P40"": 22.0, ""P60"": 22.5, ""P80"": 23.0, ""P90"": 23.0}",1,
20250908-184749,2025-09-08 18:47:50 +0300,numeric,38842,What will the 2025 reconciliation bill set as the percent deduction allowed for qualified business income (QBI) in tax year 2026?,Claude-3.7-Sonnet (OR) [anthropic/claude-3.7-sonnet],"{""P10"": 20.0, ""P20"": 20.0, ""P40"": 22.0, ""P60"": 23.0, ""P80"": 23.0, ""P90"": 25.0}",1,
20250908-184749,2025-09-08 18:47:50 +0300,numeric,38842,What will the 2025 reconciliation bill set as the percent deduction allowed for qualified business income (QBI) in tax year 2026?,Gemini [gemini-2.5-pro],"{""P10"": 10.0, ""P20"": 20.0, ""P40"": 40.0, ""P50"": 50.0, ""P60"": 60.0, ""P80"": 80.0, ""P90"": 90.0}",0,fallback_default
20250908-184749,2025-09-08 18:47:50 +0300,numeric,38842,What will the 2025 reconciliation bill set as the percent deduction allowed for qualified business income (QBI) in tax year 2026?,Grok [grok-4],"{""P10"": 10.0, ""P20"": 20.0, ""P40"": 40.0, ""P50"": 50.0, ""P60"": 60.0, ""P80"": 80.0, ""P90"": 90.0}",0,fallback_default
20250908-192840,2025-09-08 19:28:42 +0300,numeric,38842,What will the 2025 reconciliation bill set as the percent deduction allowed for qualified business income (QBI) in tax year 2026?,OpenRouter-Default [openai/gpt-4o],"{""P10"": 20.0, ""P20"": 21.0, ""P40"": 22.0, ""P60"": 23.0, ""P80"": 23.0, ""P90"": 23.0}",1,
20250908-192840,2025-09-08 19:28:42 +0300,numeric,38842,What will the 2025 reconciliation bill set as the percent deduction allowed for qualified business income (QBI) in tax year 2026?,Claude-3.7-Sonnet (OR) [anthropic/claude-3.7-sonnet],"{""P10"": 0.0, ""P20"": 20.0, ""P40"": 20.0, ""P60"": 23.0, ""P80"": 23.0, ""P90"": 25.0}",1,
20250908-192840,2025-09-08 19:28:42 +0300,numeric,38842,What will the 2025 reconciliation bill set as the percent deduction allowed for qualified business income (QBI) in tax year 2026?,Gemini [gemini-2.5-pro],"{""P10"": 18.0, ""P20"": 20.0, ""P40"": 20.0, ""P60"": 21.0, ""P80"": 23.0, ""P90"": 23.0}",1,
20250908-192840,2025-09-08 19:28:42 +0300,numeric,38842,What will the 2025 reconciliation bill set as the percent deduction allowed for qualified business income (QBI) in tax year 2026?,Grok [grok-4],"{""P10"": 10.0, ""P20"": 20.0, ""P40"": 40.0, ""P50"": 50.0, ""P60"": 60.0, ""P80"": 80.0, ""P90"": 90.0}",0,fallback_default
20250908-195306,2025-09-08 19:53:08 +0300,numeric,38842,What will the 2025 reconciliation bill set as the percent deduction allowed for qualified business income (QBI) in tax year 2026?,OpenRouter-Default [openai/gpt-4o],"{""P10"": 20.0, ""P20"": 21.0, ""P40"": 22.0, ""P60"": 23.0, ""P80"": 23.0, ""P90"": 23.0}",1,
20250908-195306,2025-09-08 19:53:08 +0300,numeric,38842,What will the 2025 reconciliation bill set as the percent deduction allowed for qualified business income (QBI) in tax year 2026?,Claude-3.7-Sonnet (OR) [anthropic/claude-3.7-sonnet],"{""P10"": 15.0, ""P20"": 20.0, ""P40"": 21.0, ""P60"": 22.0, ""P80"": 23.0, ""P90"": 24.0}",1,
20250908-195306,2025-09-08 19:53:08 +0300,numeric,38842,What will the 2025 reconciliation bill set as the percent deduction allowed for qualified business income (QBI) in tax year 2026?,Gemini [gemini-2.5-pro],"{""P10"": 0.0, ""P20"": 0.0, ""P40"": 10.0, ""P60"": 20.0, ""P80"": 20.0, ""P90"": 23.0}",1,
20250908-195306,2025-09-08 19:53:08 +0300,numeric,38842,What will the 2025 reconciliation bill set as the percent deduction allowed for qualified business income (QBI) in tax year 2026?,Grok [grok-4],"{""P10"": 19.0, ""P20"": 20.0, ""P40"": 21.0, ""P60"": 22.0, ""P80"": 23.0, ""P90"": 24.0}",1,
20250908-215154,2025-09-08 21:51:55 +0300,binary,38902,Will the number of new F-1 visas issued by the US to students from China or India decrease by >10% in FY 2025? (China),OpenRouter-Default [openai/gpt-4o],0.800000,1,
20250908-215154,2025-09-08 21:51:55 +0300,binary,38902,Will the number of new F-1 visas issued by the US to students from China or India decrease by >10% in FY 2025? (China),Claude-3.7-Sonnet (OR) [anthropic/claude-3.7-sonnet],0.800000,1,
20250908-215154,2025-09-08 21:51:55 +0300,binary,38902,Will the number of new F-1 visas issued by the US to students from China or India decrease by >10% in FY 2025? (China),Gemini [gemini-2.5-pro],0.800000,1,
20250908-215154,2025-09-08 21:51:55 +0300,binary,38902,Will the number of new F-1 visas issued by the US to students from China or India decrease by >10% in FY 2025? (China),Grok [grok-4],0.750000,1,
20250908-221906,2025-09-08 22:19:08 +0300,binary,38902,Will the number of new F-1 visas issued by the US to students from China or India decrease by >10% in FY 2025? (China),OpenRouter-Default [openai/gpt-4o],0.650000,1,
20250908-221906,2025-09-08 22:19:08 +0300,binary,38902,Will the number of new F-1 visas issued by the US to students from China or India decrease by >10% in FY 2025? (China),Claude-3.7-Sonnet (OR) [anthropic/claude-3.7-sonnet],0.820000,1,
20250908-221906,2025-09-08 22:19:08 +0300,binary,38902,Will the number of new F-1 visas issued by the US to students from China or India decrease by >10% in FY 2025? (China),Gemini [gemini-2.5-pro],0.890000,1,
20250908-221906,2025-09-08 22:19:08 +0300,binary,38902,Will the number of new F-1 visas issued by the US to students from China or India decrease by >10% in FY 2025? (China),Grok [grok-4],0.720000,1,
20250908-224824,2025-09-08 22:48:26 +0300,binary,38937,Will the highest-grossing film of 2025 be part of a franchise?,OpenRouter-Default [openai/gpt-4o],0.620000,1,
20250908-224824,2025-09-08 22:48:26 +0300,binary,38937,Will the highest-grossing film of 2025 be part of a franchise?,Claude-3.7-Sonnet (OR) [anthropic/claude-3.7-sonnet],0.850000,1,
20250908-224824,2025-09-08 22:48:26 +0300,binary,38937,Will the highest-grossing film of 2025 be part of a franchise?,Gemini [gemini-2.5-pro],0.860000,1,
20250908-224824,2025-09-08 22:48:26 +0300,binary,38937,Will the highest-grossing film of 2025 be part of a franchise?,Grok [grok-4],0.650000,1,
20250908-232626,2025-09-08 23:26:27 +0300,binary,38937,Will the highest-grossing film of 2025 be part of a franchise?,OpenRouter-Default [openai/gpt-4o],0.700000,1,
20250908-232626,2025-09-08 23:26:27 +0300,binary,38937,Will the highest-grossing film of 2025 be part of a franchise?,Claude-3.7-Sonnet (OR) [anthropic/claude-3.7-sonnet],0.850000,1,
20250908-232626,2025-09-08 23:26:27 +0300,binary,38937,Will the highest-grossing film of 2025 be part of a franchise?,Gemini [gemini-2.5-pro],0.900000,1,
20250908-232626,2025-09-08 23:26:27 +0300,binary,38937,Will the highest-grossing film of 2025 be part of a franchise?,Grok [grok-4],0.710000,1,
20250908-234840,2025-09-08 23:48:42 +0300,binary,38937,Will the highest-grossing film of 2025 be part of a franchise?,OpenRouter-Default [openai/gpt-4o],0.650000,1,
20250908-234840,2025-09-08 23:48:42 +0300,binary,38937,Will the highest-grossing film of 2025 be part of a franchise?,Claude-3.7-Sonnet (OR) [anthropic/claude-3.7-sonnet],0.800000,1,
20250908-234840,2025-09-08 23:48:42 +0300,binary,38937,Will the highest-grossing film of 2025 be part of a franchise?,Gemini [gemini-2.5-pro],0.810000,1,
20250908-234840,2025-09-08 23:48:42 +0300,binary,38937,Will the highest-grossing film of 2025 be part of a franchise?,Grok [grok-4],0.600000,1,
20250909-102249,2025-09-09 10:22:51 +0300,binary,38798,Will the number of UFO sightings reported by the National UFO Reporting Center exceed 350 for September 2025?,OpenRouter-Default [openai/gpt-4o],0.480000,1,
20250909-102249,2025-09-09 10:22:51 +0300,binary,38798,Will the number of UFO sightings reported by the National UFO Reporting Center exceed 350 for September 2025?,Claude-3.7-Sonnet (OR) [anthropic/claude-3.7-sonnet],0.630000,1,
20250909-102249,2025-09-09 10:22:51 +0300,binary,38798,Will the number of UFO sightings reported by the National UFO Reporting Center exceed 350 for September 2025?,Gemini [gemini-2.5-pro],0.550000,1,
20250909-102249,2025-09-09 10:22:51 +0300,binary,38798,Will the number of UFO sightings reported by the National UFO Reporting Center exceed 350 for September 2025?,Grok [grok-4],0.580000,1,
20250909-104758,2025-09-09 10:48:00 +0300,binary,38798,Will the number of UFO sightings reported by the National UFO Reporting Center exceed 350 for September 2025?,OpenRouter-Default [openai/gpt-4o],0.450000,1,
20250909-104758,2025-09-09 10:48:00 +0300,binary,38798,Will the number of UFO sightings reported by the National UFO Reporting Center exceed 350 for September 2025?,Claude-3.7-Sonnet (OR) [anthropic/claude-3.7-sonnet],0.650000,1,
20250909-104758,2025-09-09 10:48:00 +0300,binary,38798,Will the number of UFO sightings reported by the National UFO Reporting Center exceed 350 for September 2025?,Gemini [gemini-2.5-pro],0.820000,1,
20250909-104758,2025-09-09 10:48:00 +0300,binary,38798,Will the number of UFO sightings reported by the National UFO Reporting Center exceed 350 for September 2025?,Grok [grok-4],0.650000,1,
20250909-113209,2025-09-09 11:32:10 +0300,numeric,38770,What percent of all US foreign development assistance for FY 2025 will be disbursed relative to funds allocated at the beginning of the fiscal year?,OpenRouter-Default [openai/gpt-4o],"{""P10"": 95.0, ""P20"": 100.0, ""P40"": 105.0, ""P60"": 110.0, ""P80"": 115.0, ""P90"": 120.0}",1,
20250909-113209,2025-09-09 11:32:10 +0300,numeric,38770,What percent of all US foreign development assistance for FY 2025 will be disbursed relative to funds allocated at the beginning of the fiscal year?,Claude-3.7-Sonnet (OR) [anthropic/claude-3.7-sonnet],"{""P10"": 65.0, ""P20"": 75.0, ""P40"": 90.0, ""P60"": 100.0, ""P80"": 115.0, ""P90"": 130.0}",1,
20250909-113209,2025-09-09 11:32:10 +0300,numeric,38770,What percent of all US foreign development assistance for FY 2025 will be disbursed relative to funds allocated at the beginning of the fiscal year?,Gemini [gemini-2.5-pro],"{""P10"": 10.0, ""P20"": 20.0, ""P40"": 40.0, ""P50"": 50.0, ""P60"": 60.0, ""P80"": 80.0, ""P90"": 90.0}",0,fallback_default
20250909-113209,2025-09-09 11:32:10 +0300,numeric,38770,What percent of all US foreign development assistance for FY 2025 will be disbursed relative to funds allocated at the beginning of the fiscal year?,Grok [grok-4],"{""P10"": 75.0, ""P20"": 85.0, ""P40"": 95.0, ""P60"": 105.0, ""P80"": 125.0, ""P90"": 140.0}",1,
20250909-115422,2025-09-09 11:54:24 +0300,numeric,38770,What percent of all US foreign development assistance for FY 2025 will be disbursed relative to funds allocated at the beginning of the fiscal year?,OpenRouter-Default [openai/gpt-4o],"{""P10"": 90.0, ""P20"": 95.0, ""P40"": 100.0, ""P60"": 105.0, ""P80"": 110.0, ""P90"": 115.0}",1,
20250909-115422,2025-09-09 11:54:24 +0300,numeric,38770,What percent of all US foreign development assistance for FY 2025 will be disbursed relative to funds allocated at the beginning of the fiscal year?,Claude-3.7-Sonnet (OR) [anthropic/claude-3.7-sonnet],"{""P10"": 60.0, ""P20"": 70.0, ""P40"": 85.0, ""P60"": 100.0, ""P80"": 115.0, ""P90"": 130.0}",1,
20250909-115422,2025-09-09 11:54:24 +0300,numeric,38770,What percent of all US foreign development assistance for FY 2025 will be disbursed relative to funds allocated at the beginning of the fiscal year?,Gemini [gemini-2.5-pro],"{""P10"": 70.0, ""P20"": 80.0, ""P40"": 88.0, ""P60"": 98.0, ""P80"": 108.0, ""P90"": 118.0}",1,
20250909-115422,2025-09-09 11:54:24 +0300,numeric,38770,What percent of all US foreign development assistance for FY 2025 will be disbursed relative to funds allocated at the beginning of the fiscal year?,Grok [grok-4],"{""P10"": 60.0, ""P20"": 76.0, ""P40"": 96.0, ""P60"": 114.0, ""P80"": 134.0, ""P90"": 150.0}",1,
20250909-144828__fall-aib-2025,2025-09-09 14:49:58 +0300,binary,38797,Will the Defense Production Act be re-authorized before October 2025?,OpenRouter-Default [openai/gpt-4o],0.940000,True,
20250909-144828__fall-aib-2025,2025-09-09 14:49:58 +0300,binary,38797,Will the Defense Production Act be re-authorized before October 2025?,Claude-3.7-Sonnet (OR) [anthropic/claude-3.7-sonnet],0.850000,True,
20250909-144828__fall-aib-2025,2025-09-09 14:49:58 +0300,binary,38797,Will the Defense Production Act be re-authorized before October 2025?,Gemini [gemini-2.5-pro],0.880000,True,
20250909-144828__fall-aib-2025,2025-09-09 14:49:58 +0300,binary,38797,Will the Defense Production Act be re-authorized before October 2025?,Grok [grok-4],0.930000,True,
20250909-155139__fall-aib-2025,2025-09-09 15:53:13 +0300,binary,38797,Will the Defense Production Act be re-authorized before October 2025?,OpenRouter-Default [openai/gpt-4o],0.920000,True,
20250909-155139__fall-aib-2025,2025-09-09 15:53:13 +0300,binary,38797,Will the Defense Production Act be re-authorized before October 2025?,Claude-3.7-Sonnet (OR) [anthropic/claude-3.7-sonnet],0.850000,True,
20250909-155139__fall-aib-2025,2025-09-09 15:53:13 +0300,binary,38797,Will the Defense Production Act be re-authorized before October 2025?,Gemini [gemini-2.5-pro],0.880000,True,
20250909-155139__fall-aib-2025,2025-09-09 15:53:13 +0300,binary,38797,Will the Defense Production Act be re-authorized before October 2025?,Grok [grok-4],0.880000,True,
20250910-023344__fall-aib-2025,2025-09-10 02:35:12 +0300,numeric,39173,How many vehicle deliveries will Rivian report for Q3 2025?,OpenRouter-Default [openai/gpt-4o],"{""P10"": 11.0, ""P20"": 11.0, ""P40"": 12.0, ""P60"": 12.0, ""P80"": 13.0, ""P90"": 13.0}",True,
20250910-023344__fall-aib-2025,2025-09-10 02:35:12 +0300,numeric,39173,How many vehicle deliveries will Rivian report for Q3 2025?,Claude-3.7-Sonnet (OR) [anthropic/claude-3.7-sonnet],"{""P10"": 9.0, ""P20"": 10.0, ""P40"": 12.0, ""P60"": 13.0, ""P80"": 15.0, ""P90"": 16.0}",True,
20250910-023344__fall-aib-2025,2025-09-10 02:35:12 +0300,numeric,39173,How many vehicle deliveries will Rivian report for Q3 2025?,Gemini [gemini-2.5-pro],"{""P10"": 12000.0, ""P20"": 12700.0, ""P40"": 13500.0, ""P60"": 14200.0, ""P80"": 15200.0, ""P90"": 16000.0}",True,
20250910-023344__fall-aib-2025,2025-09-10 02:35:12 +0300,numeric,39173,How many vehicle deliveries will Rivian report for Q3 2025?,Grok [grok-4],"{""P10"": 8000.0, ""P20"": 9500.0, ""P40"": 11000.0, ""P60"": 12800.0, ""P80"": 14500.0, ""P90"": 16000.0}",True,
20250910-024816__fall-aib-2025,2025-09-10 02:49:43 +0300,numeric,39173,How many vehicle deliveries will Rivian report for Q3 2025?,OpenRouter-Default [openai/gpt-4o],"{""P10"": 11.0, ""P20"": 12.0, ""P40"": 12.0, ""P60"": 13.0, ""P80"": 13.0, ""P90"": 14.0}",True,
20250910-024816__fall-aib-2025,2025-09-10 02:49:43 +0300,numeric,39173,How many vehicle deliveries will Rivian report for Q3 2025?,Claude-3.7-Sonnet (OR) [anthropic/claude-3.7-sonnet],"{""P10"": 9.0, ""P20"": 10.0, ""P40"": 12.0, ""P60"": 13.0, ""P80"": 15.0, ""P90"": 17.0}",True,
20250910-024816__fall-aib-2025,2025-09-10 02:49:43 +0300,numeric,39173,How many vehicle deliveries will Rivian report for Q3 2025?,Gemini [gemini-2.5-pro],"{""P10"": 13000.0, ""P20"": 14000.0, ""P40"": 15000.0, ""P60"": 16000.0, ""P80"": 17500.0, ""P90"": 18500.0}",True,
20250910-024816__fall-aib-2025,2025-09-10 02:49:43 +0300,numeric,39173,How many vehicle deliveries will Rivian report for Q3 2025?,Grok [grok-4],"{""P10"": 9500.0, ""P20"": 10700.0, ""P40"": 12200.0, ""P60"": 13800.0, ""P80"": 15400.0, ""P90"": 16600.0}",True,
20250910-055837__fall-aib-2025,2025-09-10 06:00:15 +0300,numeric,38743,"How much money in billions of USD will NIH award in Research Project Grants in the 2025 Fiscal Year 2025 (Oct 1, 2024 - Sep 30, 2025)?",OpenRouter-Default [openai/gpt-4o],"{""P10"": 24.0, ""P20"": 24.5, ""P40"": 25.0, ""P60"": 25.3, ""P80"": 25.6, ""P90"": 26.0}",True,
20250910-055837__fall-aib-2025,2025-09-10 06:00:15 +0300,numeric,38743,"How much money in billions of USD will NIH award in Research Project Grants in the 2025 Fiscal Year 2025 (Oct 1, 2024 - Sep 30, 2025)?",Claude-3.7-Sonnet (OR) [anthropic/claude-3.7-sonnet],"{""P10"": 22.8, ""P20"": 23.7, ""P40"": 24.9, ""P60"": 26.1, ""P80"": 27.5, ""P90"": 28.7}",True,
20250910-055837__fall-aib-2025,2025-09-10 06:00:15 +0300,numeric,38743,"How much money in billions of USD will NIH award in Research Project Grants in the 2025 Fiscal Year 2025 (Oct 1, 2024 - Sep 30, 2025)?",Gemini [gemini-2.5-pro],"{""P10"": 23.7, ""P20"": 24.3, ""P40"": 24.8, ""P60"": 25.4, ""P80"": 25.8, ""P90"": 26.1}",True,
20250910-055837__fall-aib-2025,2025-09-10 06:00:15 +0300,numeric,38743,"How much money in billions of USD will NIH award in Research Project Grants in the 2025 Fiscal Year 2025 (Oct 1, 2024 - Sep 30, 2025)?",Grok [grok-4],"{""P10"": 22.8, ""P20"": 23.5, ""P40"": 24.4, ""P60"": 25.2, ""P80"": 26.1, ""P90"": 26.8}",True,
20250910-063313__fall-aib-2025,2025-09-10 06:34:55 +0300,numeric,38743,"How much money in billions of USD will NIH award in Research Project Grants in the 2025 Fiscal Year 2025 (Oct 1, 2024 - Sep 30, 2025)?",OpenRouter-Default [openai/gpt-4o],"{""P10"": 24.0, ""P20"": 24.5, ""P40"": 25.0, ""P60"": 25.5, ""P80"": 26.0, ""P90"": 26.5}",True,
20250910-063313__fall-aib-2025,2025-09-10 06:34:55 +0300,numeric,38743,"How much money in billions of USD will NIH award in Research Project Grants in the 2025 Fiscal Year 2025 (Oct 1, 2024 - Sep 30, 2025)?",Claude-3.7-Sonnet (OR) [anthropic/claude-3.7-sonnet],"{""P10"": 22.8, ""P20"": 23.5, ""P40"": 24.6, ""P60"": 25.4, ""P80"": 26.3, ""P90"": 27.1}",True,
20250910-063313__fall-aib-2025,2025-09-10 06:34:55 +0300,numeric,38743,"How much money in billions of USD will NIH award in Research Project Grants in the 2025 Fiscal Year 2025 (Oct 1, 2024 - Sep 30, 2025)?",Gemini [gemini-2.5-pro],"{""P10"": 23.0, ""P20"": 24.0, ""P40"": 24.7, ""P60"": 25.1, ""P80"": 25.5, ""P90"": 26.0}",True,
20250910-063313__fall-aib-2025,2025-09-10 06:34:55 +0300,numeric,38743,"How much money in billions of USD will NIH award in Research Project Grants in the 2025 Fiscal Year 2025 (Oct 1, 2024 - Sep 30, 2025)?",Grok [grok-4],"{""P10"": 22.5, ""P20"": 23.2, ""P40"": 24.2, ""P60"": 25.1, ""P80"": 26.1, ""P90"": 26.8}",True,
20250910-065046__fall-aib-2025,2025-09-10 06:52:17 +0300,numeric,38743,"How much money in billions of USD will NIH award in Research Project Grants in the 2025 Fiscal Year 2025 (Oct 1, 2024 - Sep 30, 2025)?",OpenRouter-Default [openai/gpt-4o],"{""P10"": 23.5, ""P20"": 24.0, ""P40"": 24.5, ""P60"": 25.0, ""P80"": 25.5, ""P90"": 26.0}",True,
20250910-065046__fall-aib-2025,2025-09-10 06:52:17 +0300,numeric,38743,"How much money in billions of USD will NIH award in Research Project Grants in the 2025 Fiscal Year 2025 (Oct 1, 2024 - Sep 30, 2025)?",Claude-3.7-Sonnet (OR) [anthropic/claude-3.7-sonnet],"{""P10"": 21.5, ""P20"": 22.4, ""P40"": 23.8, ""P60"": 24.7, ""P80"": 25.9, ""P90"": 26.8}",True,
20250910-065046__fall-aib-2025,2025-09-10 06:52:17 +0300,numeric,38743,"How much money in billions of USD will NIH award in Research Project Grants in the 2025 Fiscal Year 2025 (Oct 1, 2024 - Sep 30, 2025)?",Gemini [gemini-2.5-pro],"{""P10"": 22.5, ""P20"": 23.4, ""P40"": 24.4, ""P60"": 25.2, ""P80"": 25.9, ""P90"": 26.4}",True,
20250910-065046__fall-aib-2025,2025-09-10 06:52:17 +0300,numeric,38743,"How much money in billions of USD will NIH award in Research Project Grants in the 2025 Fiscal Year 2025 (Oct 1, 2024 - Sep 30, 2025)?",Grok [grok-4],"{""P10"": 22.5, ""P20"": 23.1, ""P40"": 23.8, ""P60"": 24.4, ""P80"": 25.3, ""P90"": 25.9}",True,
20250910-084831__fall-aib-2025,2025-09-10 08:50:08 +0300,binary,38959,Will the US unemployment rate in November 2025 be below the rate in November 2024?,OpenRouter-Default [openai/gpt-4o],0.350000,True,
20250910-084831__fall-aib-2025,2025-09-10 08:50:08 +0300,binary,38959,Will the US unemployment rate in November 2025 be below the rate in November 2024?,Claude-3.7-Sonnet (OR) [anthropic/claude-3.7-sonnet],0.300000,True,
20250910-084831__fall-aib-2025,2025-09-10 08:50:08 +0300,binary,38959,Will the US unemployment rate in November 2025 be below the rate in November 2024?,Gemini [gemini-2.5-pro],0.250000,True,
20250910-084831__fall-aib-2025,2025-09-10 08:50:08 +0300,binary,38959,Will the US unemployment rate in November 2025 be below the rate in November 2024?,Grok [grok-4],0.370000,True,
20250910-093428__fall-aib-2025,2025-09-10 09:35:54 +0300,binary,38959,Will the US unemployment rate in November 2025 be below the rate in November 2024?,OpenRouter-Default [openai/gpt-4o],0.450000,True,
20250910-093428__fall-aib-2025,2025-09-10 09:35:54 +0300,binary,38959,Will the US unemployment rate in November 2025 be below the rate in November 2024?,Claude-3.7-Sonnet (OR) [anthropic/claude-3.7-sonnet],0.350000,True,
20250910-093428__fall-aib-2025,2025-09-10 09:35:54 +0300,binary,38959,Will the US unemployment rate in November 2025 be below the rate in November 2024?,Gemini [gemini-2.5-pro],0.380000,True,
20250910-093428__fall-aib-2025,2025-09-10 09:35:54 +0300,binary,38959,Will the US unemployment rate in November 2025 be below the rate in November 2024?,Grok [grok-4],0.350000,True,
20250910-095301__fall-aib-2025,2025-09-10 09:55:15 +0300,binary,38959,Will the US unemployment rate in November 2025 be below the rate in November 2024?,OpenRouter-Default [openai/gpt-4o],0.430000,True,
20250910-095301__fall-aib-2025,2025-09-10 09:55:15 +0300,binary,38959,Will the US unemployment rate in November 2025 be below the rate in November 2024?,Claude-3.7-Sonnet (OR) [anthropic/claude-3.7-sonnet],0.300000,True,
20250910-095301__fall-aib-2025,2025-09-10 09:55:15 +0300,binary,38959,Will the US unemployment rate in November 2025 be below the rate in November 2024?,Gemini [gemini-2.5-pro],null,False,parse_failed
20250910-095301__fall-aib-2025,2025-09-10 09:55:15 +0300,binary,38959,Will the US unemployment rate in November 2025 be below the rate in November 2024?,Grok [grok-4],0.350000,True,
20250911-022031__fall-aib-2025,2025-09-11 02:22:14 +0300,binary,38774,Will the following companies be added to the S&P 500 before October 2025? (HOOD),OpenRouter-Default [openai/gpt-4o],0.950000,True,
20250911-022031__fall-aib-2025,2025-09-11 02:22:14 +0300,binary,38774,Will the following companies be added to the S&P 500 before October 2025? (HOOD),Claude-3.7-Sonnet (OR) [anthropic/claude-3.7-sonnet],0.990000,True,
20250911-022031__fall-aib-2025,2025-09-11 02:22:14 +0300,binary,38774,Will the following companies be added to the S&P 500 before October 2025? (HOOD),Gemini [gemini-2.5-pro],0.940000,True,
20250911-022031__fall-aib-2025,2025-09-11 02:22:14 +0300,binary,38774,Will the following companies be added to the S&P 500 before October 2025? (HOOD),Grok [grok-4],0.990000,True,
20250911-023407__fall-aib-2025,2025-09-11 02:35:12 +0300,binary,38774,Will the following companies be added to the S&P 500 before October 2025? (HOOD),OpenRouter-Default [openai/gpt-4o],0.990000,True,
20250911-023407__fall-aib-2025,2025-09-11 02:35:12 +0300,binary,38774,Will the following companies be added to the S&P 500 before October 2025? (HOOD),Claude-3.7-Sonnet (OR) [anthropic/claude-3.7-sonnet],0.990000,True,
20250911-023407__fall-aib-2025,2025-09-11 02:35:12 +0300,binary,38774,Will the following companies be added to the S&P 500 before October 2025? (HOOD),Gemini [gemini-2.5-pro],0.950000,True,
20250911-023407__fall-aib-2025,2025-09-11 02:35:12 +0300,binary,38774,Will the following companies be added to the S&P 500 before October 2025? (HOOD),Grok [grok-4],0.990000,True,
20250911-024815__fall-aib-2025,2025-09-11 02:49:35 +0300,binary,38774,Will the following companies be added to the S&P 500 before October 2025? (HOOD),OpenRouter-Default [openai/gpt-4o],0.990000,True,
20250911-024815__fall-aib-2025,2025-09-11 02:49:35 +0300,binary,38774,Will the following companies be added to the S&P 500 before October 2025? (HOOD),Claude-3.7-Sonnet (OR) [anthropic/claude-3.7-sonnet],0.990000,True,
20250911-024815__fall-aib-2025,2025-09-11 02:49:35 +0300,binary,38774,Will the following companies be added to the S&P 500 before October 2025? (HOOD),Gemini [gemini-2.5-pro],0.990000,True,
20250911-024815__fall-aib-2025,2025-09-11 02:49:35 +0300,binary,38774,Will the following companies be added to the S&P 500 before October 2025? (HOOD),Grok [grok-4],0.990000,True,
20250911-104827__fall-aib-2025,2025-09-11 10:50:27 +0300,numeric,38789,What percent of US health-related foreign development assistance for FY 2025 will be disbursed relative to funds allocated at the beginning of the fiscal year?,OpenRouter-Default [openai/gpt-4o],"{""P10"": 70.0, ""P20"": 75.0, ""P40"": 85.0, ""P60"": 95.0, ""P80"": 105.0, ""P90"": 115.0}",True,
20250911-104827__fall-aib-2025,2025-09-11 10:50:27 +0300,numeric,38789,What percent of US health-related foreign development assistance for FY 2025 will be disbursed relative to funds allocated at the beginning of the fiscal year?,Claude-3.7-Sonnet (OR) [anthropic/claude-3.7-sonnet],"{""P10"": 45.0, ""P20"": 55.0, ""P40"": 70.0, ""P60"": 85.0, ""P80"": 100.0, ""P90"": 115.0}",True,
20250911-104827__fall-aib-2025,2025-09-11 10:50:27 +0300,numeric,38789,What percent of US health-related foreign development assistance for FY 2025 will be disbursed relative to funds allocated at the beginning of the fiscal year?,Gemini [gemini-2.5-pro],"{""P10"": 10.0, ""P20"": 20.0, ""P40"": 40.0, ""P50"": 50.0, ""P60"": 60.0, ""P80"": 80.0, ""P90"": 90.0}",False,fallback_default
20250911-104827__fall-aib-2025,2025-09-11 10:50:27 +0300,numeric,38789,What percent of US health-related foreign development assistance for FY 2025 will be disbursed relative to funds allocated at the beginning of the fiscal year?,Grok [grok-4],"{""P10"": 45.0, ""P20"": 55.0, ""P40"": 70.0, ""P60"": 85.0, ""P80"": 105.0, ""P90"": 120.0}",True,
20250911-113047__fall-aib-2025,2025-09-11 11:32:19 +0300,numeric,38789,What percent of US health-related foreign development assistance for FY 2025 will be disbursed relative to funds allocated at the beginning of the fiscal year?,OpenRouter-Default [openai/gpt-4o],"{""P10"": 70.0, ""P20"": 80.0, ""P40"": 90.0, ""P60"": 100.0, ""P80"": 110.0, ""P90"": 120.0}",True,
20250911-113047__fall-aib-2025,2025-09-11 11:32:19 +0300,numeric,38789,What percent of US health-related foreign development assistance for FY 2025 will be disbursed relative to funds allocated at the beginning of the fiscal year?,Claude-3.7-Sonnet (OR) [anthropic/claude-3.7-sonnet],"{""P10"": 50.0, ""P20"": 60.0, ""P40"": 75.0, ""P60"": 90.0, ""P80"": 105.0, ""P90"": 120.0}",True,
20250911-113047__fall-aib-2025,2025-09-11 11:32:19 +0300,numeric,38789,What percent of US health-related foreign development assistance for FY 2025 will be disbursed relative to funds allocated at the beginning of the fiscal year?,Gemini [gemini-2.5-pro],"{""P10"": 10.0, ""P20"": 20.0, ""P40"": 40.0, ""P50"": 50.0, ""P60"": 60.0, ""P80"": 80.0, ""P90"": 90.0}",False,fallback_default
20250911-113047__fall-aib-2025,2025-09-11 11:32:19 +0300,numeric,38789,What percent of US health-related foreign development assistance for FY 2025 will be disbursed relative to funds allocated at the beginning of the fiscal year?,Grok [grok-4],"{""P10"": 55.0, ""P20"": 65.0, ""P40"": 75.0, ""P60"": 85.0, ""P80"": 100.0, ""P90"": 110.0}",True,
20250911-115245__fall-aib-2025,2025-09-11 11:55:24 +0300,numeric,38789,What percent of US health-related foreign development assistance for FY 2025 will be disbursed relative to funds allocated at the beginning of the fiscal year?,OpenRouter-Default [openai/gpt-4o],"{""P10"": 85.0, ""P20"": 90.0, ""P40"": 95.0, ""P60"": 100.0, ""P80"": 110.0, ""P90"": 120.0}",True,
20250911-115245__fall-aib-2025,2025-09-11 11:55:24 +0300,numeric,38789,What percent of US health-related foreign development assistance for FY 2025 will be disbursed relative to funds allocated at the beginning of the fiscal year?,Claude-3.7-Sonnet (OR) [anthropic/claude-3.7-sonnet],"{""P10"": 55.0, ""P20"": 65.0, ""P40"": 80.0, ""P60"": 90.0, ""P80"": 105.0, ""P90"": 120.0}",True,
20250911-115245__fall-aib-2025,2025-09-11 11:55:24 +0300,numeric,38789,What percent of US health-related foreign development assistance for FY 2025 will be disbursed relative to funds allocated at the beginning of the fiscal year?,Gemini [gemini-2.5-pro],"{""P10"": 65.0, ""P20"": 75.0, ""P40"": 81.0, ""P60"": 88.0, ""P80"": 92.0, ""P90"": 98.0}",True,
20250911-115245__fall-aib-2025,2025-09-11 11:55:24 +0300,numeric,38789,What percent of US health-related foreign development assistance for FY 2025 will be disbursed relative to funds allocated at the beginning of the fiscal year?,Grok [grok-4],"{""P10"": 35.0, ""P20"": 45.0, ""P40"": 60.0, ""P60"": 70.0, ""P80"": 90.0, ""P90"": 105.0}",True,
20250911-221749__fall-aib-2025,2025-09-11 22:19:46 +0300,binary,38957,Will global average wealth per adult increase in 2024 compared to 2023?,OpenRouter-Default [openai/gpt-4o],0.800000,True,
20250911-221749__fall-aib-2025,2025-09-11 22:19:46 +0300,binary,38957,Will global average wealth per adult increase in 2024 compared to 2023?,Claude-3.7-Sonnet (OR) [anthropic/claude-3.7-sonnet],0.850000,True,
20250911-221749__fall-aib-2025,2025-09-11 22:19:46 +0300,binary,38957,Will global average wealth per adult increase in 2024 compared to 2023?,Gemini [gemini-2.5-pro],0.960000,True,
20250911-221749__fall-aib-2025,2025-09-11 22:19:46 +0300,binary,38957,Will global average wealth per adult increase in 2024 compared to 2023?,Grok [grok-4],0.950000,True,
20250911-222952__fall-aib-2025,2025-09-11 22:31:19 +0300,binary,38957,Will global average wealth per adult increase in 2024 compared to 2023?,OpenRouter-Default [openai/gpt-4o],0.780000,True,
20250911-222952__fall-aib-2025,2025-09-11 22:31:19 +0300,binary,38957,Will global average wealth per adult increase in 2024 compared to 2023?,Claude-3.7-Sonnet (OR) [anthropic/claude-3.7-sonnet],0.950000,True,
20250911-222952__fall-aib-2025,2025-09-11 22:31:19 +0300,binary,38957,Will global average wealth per adult increase in 2024 compared to 2023?,Gemini [gemini-2.5-pro],0.930000,True,
20250911-222952__fall-aib-2025,2025-09-11 22:31:19 +0300,binary,38957,Will global average wealth per adult increase in 2024 compared to 2023?,Grok [grok-4],0.930000,True,
20250911-224815__fall-aib-2025,2025-09-11 22:51:00 +0300,binary,38957,Will global average wealth per adult increase in 2024 compared to 2023?,OpenRouter-Default [openai/gpt-4o],0.780000,True,
20250911-224815__fall-aib-2025,2025-09-11 22:51:00 +0300,binary,38957,Will global average wealth per adult increase in 2024 compared to 2023?,Claude-3.7-Sonnet (OR) [anthropic/claude-3.7-sonnet],0.820000,True,
20250911-224815__fall-aib-2025,2025-09-11 22:51:00 +0300,binary,38957,Will global average wealth per adult increase in 2024 compared to 2023?,Gemini [gemini-2.5-pro],0.720000,True,
20250911-224815__fall-aib-2025,2025-09-11 22:51:00 +0300,binary,38957,Will global average wealth per adult increase in 2024 compared to 2023?,Grok [grok-4],0.900000,True,
20250911-232129__fall-aib-2025,2025-09-11 23:23:13 +0300,binary,38957,Will global average wealth per adult increase in 2024 compared to 2023?,OpenRouter-Default [openai/gpt-4o],0.800000,True,
20250911-232129__fall-aib-2025,2025-09-11 23:23:13 +0300,binary,38957,Will global average wealth per adult increase in 2024 compared to 2023?,Claude-3.7-Sonnet (OR) [anthropic/claude-3.7-sonnet],0.850000,True,
20250911-232129__fall-aib-2025,2025-09-11 23:23:13 +0300,binary,38957,Will global average wealth per adult increase in 2024 compared to 2023?,Gemini [gemini-2.5-pro],0.970000,True,
20250911-232129__fall-aib-2025,2025-09-11 23:23:13 +0300,binary,38957,Will global average wealth per adult increase in 2024 compared to 2023?,Grok [grok-4],0.940000,True,
20250912-012043__fall-aib-2025,2025-09-12 01:21:50 +0300,binary,38954,Will Grand Theft Auto VI be released in Europe in 2025?,OpenRouter-Default [openai/gpt-4o],0.030000,True,
20250912-012043__fall-aib-2025,2025-09-12 01:21:50 +0300,binary,38954,Will Grand Theft Auto VI be released in Europe in 2025?,Claude-3.7-Sonnet (OR) [anthropic/claude-3.7-sonnet],0.030000,True,
20250912-012043__fall-aib-2025,2025-09-12 01:21:50 +0300,binary,38954,Will Grand Theft Auto VI be released in Europe in 2025?,Gemini [gemini-2.5-pro],0.010000,True,
20250912-012043__fall-aib-2025,2025-09-12 01:21:50 +0300,binary,38954,Will Grand Theft Auto VI be released in Europe in 2025?,Grok [grok-4],0.030000,True,
20250912-013614__fall-aib-2025,2025-09-12 01:37:09 +0300,binary,38954,Will Grand Theft Auto VI be released in Europe in 2025?,OpenRouter-Default [openai/gpt-4o],0.200000,True,
20250912-013614__fall-aib-2025,2025-09-12 01:37:09 +0300,binary,38954,Will Grand Theft Auto VI be released in Europe in 2025?,Claude-3.7-Sonnet (OR) [anthropic/claude-3.7-sonnet],0.020000,True,
20250912-013614__fall-aib-2025,2025-09-12 01:37:09 +0300,binary,38954,Will Grand Theft Auto VI be released in Europe in 2025?,Gemini [gemini-2.5-pro],0.020000,True,
20250912-013614__fall-aib-2025,2025-09-12 01:37:09 +0300,binary,38954,Will Grand Theft Auto VI be released in Europe in 2025?,Grok [grok-4],0.050000,True,
20250912-014900__fall-aib-2025,2025-09-12 01:50:01 +0300,binary,38954,Will Grand Theft Auto VI be released in Europe in 2025?,OpenRouter-Default [openai/gpt-4o],0.050000,True,
20250912-014900__fall-aib-2025,2025-09-12 01:50:01 +0300,binary,38954,Will Grand Theft Auto VI be released in Europe in 2025?,Claude-3.7-Sonnet (OR) [anthropic/claude-3.7-sonnet],0.010000,True,
20250912-014900__fall-aib-2025,2025-09-12 01:50:01 +0300,binary,38954,Will Grand Theft Auto VI be released in Europe in 2025?,Gemini [gemini-2.5-pro],0.010000,True,
20250912-014900__fall-aib-2025,2025-09-12 01:50:01 +0300,binary,38954,Will Grand Theft Auto VI be released in Europe in 2025?,Grok [grok-4],0.030000,True,
